Aeródromo;;;;;Geoespacial;;;Operação;Internacionalização;;Pista 1;;;;;Pista 2;;;;;Pista 3;;;;;Heliponto;;;;;;;;;Atos normativos;;;;Classe RBAC 107;Classe RBAC 153;Categoria Tarifária;Especificação Operativa;;;;;;;Medidas Administrativas (DOU);;;Outros;
CÓDIGO OACI;CIAD;NOME;MUNICÍPIO ATENDIDO;UF;LATITUDE;LONGITUDE;ALTITUDE;OPERAÇÃO;OACI;AIP BRASIL;DESIGNAÇÃO;COMPRIMENTO;LARGURA;RESISTÊNCIA;SUPERFÍCIE;DESIGNAÇÃO;COMPRIMENTO;LARGURA;RESISTÊNCIA;SUPERFÍCIE;DESIGNAÇÃO;COMPRIMENTO;LARGURA;RESISTÊNCIA;SUPERFÍCIE;RAMPA(S) DE APROXIMAÇÃO;FORMATO DA ÁREA DE POUSO;DIMENSÕES;RESISTÊNCIA;SUPERFÍCIE;p1;p2;p3;p4;PORTARIAS;;;;Portaria nº 18.967/2026 e alterações;"Portaria nº 17.388/2025
A Classe I se divide ainda em RBAC 121, RBAC 135 Regular e Outras Operações";"PORTARIA Nº 2007/2014 E ALTERAÇÕES
(* = REGIME TARIFÁRIO DIFERENCIADO)";AERONAVE CRÍTICA;TIPO DE APROX. (CABECEIRAS);CAT SESCINC;r1;r2;REFERÊNCIA(S);RESTRIÇÃO(ÕES);SITUAÇÃO;r1;REFERÊNCIA;SITUADO NA AMAZÔNIA LEGAL;OBSERVAÇÕES
SBAA;PA0008;CONCEIÇÃO DO ARAGUAIA;CONCEIÇÃO DO ARAGUAIA;PA;8° 20' 55'' S;49° 18' 11'' W;199 m;VFR Diurno/Noturno e IFR Diurno;-;-; 08/26;1800 m;30 m;PCN 47/F/C/X/U;Asfalto;-;-;-;-;-;-;-;-;-;-;-;-;-;-;-;PA2021-3953;-;-;-;PA2021-3953;-;-;-;AP-0;Classe I;4ª;-;-;0;-;-;-;-;Proibição de operações de pouso de aeronaves de asa fixa com motor à reação (turbojato);PA2019-1362;PA2019-1362;X;-
SBAE;SP0010;BAURU/AREALVA;BAURU;SP;22° 9' 28'' S;49° 4' 6'' W;598 m;VFR Diurno/Noturno e IFR Diurno/Noturno;-;-; 17/35;2010 m;45 m;PCN 42/F/A/X/T;Asfalto;-;-;-;-;-;-;-;-;-;-;-;-;-;-;-;PA2021-4952;-;-;-;PA2021-4952;-;-;-;AP-1;Classe I;3ª;-;-;0;-;-;-;-;-;-;-;;-
SBAQ;SP0012;BARTOLOMEU DE GUSMÃO;ARARAQUARA;SP;21° 48' 43'' S;48° 7' 59'' W;711 m;VFR Diurno/Noturno e IFR Diurno/Noturno;-;-; 17/35;1800 m;30 m;PCN 40/F/A/X/T;Asfalto;-;-;-;-;-;-;-;-;-;-;-;-;-;-;-;PA2023-11.177;-;-;-;PA2023-11.177;-;-;-;AP-1;Classe I;3ª;-;-;0;-;-;-;-;-;-;-;;-
SBAR;SE0001;SANTA MARIA;ARACAJU;SE;10° 59' 7'' S;37° 4' 24'' W;7 m;VFR Diurno/Noturno e IFR Diurno/Noturno;RS;INTL PAX/CARGA; 12/30;2200 m;45 m;PCN 48/F/B/X/T;Asfalto;-;-;-;-;-;-;-;-;-;-;-;-;-;-;-;PA2020-3773;-;-;-;PA2020-3773;-;-;-;AP-2;Classe III;2ª;4C;"NPA(11;29)";7;PA2022-7303;-;PA2022-7303;-;-;-;-;;-
SBAT;MT0003;PILOTO OSVALDO MARQUES DIAS;ALTA FLORESTA;MT;9° 51' 59'' S;56° 6' 18'' W;289 m;VFR Diurno/Noturno e IFR Diurno/Noturno;-;-; 04/22;2500 m;30 m;PCN 48/F/B/X/T;Asfalto;-;-;-;-;-;-;-;-;-;-;-;-;-;-;-;PA2021-5745;-;-;-;PA2021-5745;-;-;-;AP-1;Classe I;3ª;-;-;0;-;-;-;-;-;-;-;X;-
SBAU;SP0009;ARAÇATUBA;ARAÇATUBA;SP;21° 8' 39'' S;50° 25' 35'' W;415 m;VFR Diurno/Noturno e IFR Diurno/Noturno;-;-; 05/23;2120 m;35 m;PCN 48/F/A/X/T;Asfalto;-;-;-;-;-;-;-;-;-;-;-;-;-;-;-;PA2021-3951;-;-;-;PA2021-3951;-;-;-;AP-1;Classe I;3ª;-;-;5;-;-;-;-;"I - fica proibida a realização de operações de serviço de transporte aéreo de passageiro regidas pelo RBAC nº 121, de aeronaves de categoria 4C, acima do limite de frequências semanais de aeronaves constante da Tabela 1 do Anexo, até 28 de março de 2026; II - fica proibida a realização de operações de serviço de transporte aéreo de passageiro regidas pelo RBAC nº 121 de aeronaves de categoria 4C, a partir de 29 de março de 2026; III - ficam proibidas as operações noturnas de pouso em pista com PAPI inexistente ou inoperante;";PA2025-17.993;PA2025-17.993;;-
SBAX;MG0008;ROMEU ZEMA;ARAXÁ;MG;19° 33' 47'' S;46° 57' 38'' W;998 m;VFR Diurno/Noturno e IFR Diurno/Noturno;-;-; 16/34;1900 m;30 m;PCN 26/F/B/X/T;Asfalto;-;-;-;-;-;-;-;-;-;-;-;-;-;-;-;PA2023-11.583;-;-;-;PA2023-11.583;-;-;-;AP-1;Classe I;3ª;-;-;0;-;-;-;-;-;-;-;;-
SBBE;PA0001;INTERNACIONAL DE BELÉM/VAL DE CANS/JÚLIO CEZAR RIBEIRO;BELÉM;PA;1° 23' 5'' S;48° 28' 44'' W;17 m;VFR Diurno/Noturno e IFR Diurno/Noturno;RS;INTL PAX/CARGA; 07/25;2800 m;45 m;PCN 67/F/A/X/T;Asfalto; 03/21;1830 m;45 m;PCN 50/F/A/X/T;Asfalto;-;-;-;-;-;-;-;-;-;-;PA2016-1883;-;-;-;PA2016-1883;-;-;-;AP-2;Classe III;1ª;4E;"PA1(07) / NPA(25;03;21)";9;PA2025-17.819;PA2025-17.819;PA2025-17.819;PA2025-17.819;-;-;-;X;-
SBBG;RS0010;COMANDANTE GUSTAVO KRAEMER;BAGÉ;RS;31° 23' 27'' S;54° 6' 35'' W;182 m;VFR Diurno/Noturno e IFR Diurno/Noturno;RNS;INTL PAX; 06/24;1500 m;30 m;PCR 160/R/C/W/T;Concreto;-;-;-;-;-;-;-;-;-;-;-;-;-;-;-;PA2018-2459;-;-;-;PA2018-2459;-;-;-;AP-1;Classe I;3ª;3C;NPA;0;PA2023-10.672;-;PA2023-10.672;-;-;-;-;;-
SBBH;MG0003;PAMPULHA - CARLOS DRUMMOND DE ANDRADE;BELO HORIZONTE;MG;19° 51' 7'' S;43° 57' 2'' W;789 m;VFR Diurno/Noturno e IFR Diurno/Noturno;-;-; 13/31;2364 m;45 m;PCN 44/F/B/X/T;Asfalto;-;-;-;-;-;-;-;-;-;-;-;-;-;-;-;PA2017-1295;-;-;-;PA2017-1295;-;-;-;AP-0;Classe II;2ª;4C;NPA(13)/NPA(31);5;PA2022-7900;PA2022-7900;PA2022-7900;PA2022-7900;-;-;-;;-
SBBI;PR0006;BACACHERI;CURITIBA;PR;25° 24' 12'' S;49° 14' 1'' W;931 m;VFR Diurno/Noturno e IFR Diurno/Noturno;-;-; 18/36;1221 m;31 m;PCN 9/F/C/Y/T;Asfalto;-;-;-;-;-;-;-;-;-;-;-;-;-;-;-;PA2016-0533;-;-;-;PA2016-0533;-;-;-;AP-0;Classe II;3ª;-;-;5;-;-;-;-;-;-;-;;-
SBBP;SP0036;ESTADUAL ARTHUR SIQUEIRA;BRAGANÇA PAULISTA;SP;22° 58' 44'' S;46° 32' 14'' W;893 m;VFR Diurno/Noturno;-;-; 16/34;1200 m;30 m;PCN 16/F/B/X/T;Asfalto;-;-;-;-;-;-;-;-;-;-;-;-;-;-;-;PA2023-11.736;-;-;-;PA2023-11.736;-;-;-;AP-0;Classe I;4ª;-;-;0;-;-;-;-;-;-;-;;-
SBBR;DF0001;PRESIDENTE JUSCELINO KUBITSCHEK;BRASÍLIA;DF;15° 52' 9'' S;47° 55' 15'' W;1066 m;VFR Diurno/Noturno e IFR Diurno/Noturno;RS;INTL PAX/CARGA; 11L/29R;3200 m;45 m;PCR 770/F/A/X/T;Asfalto; 11R/29L;3300 m;45 m;PCN 770/F/A/X/T;Asfalto;-;-;-;-;-;-;-;-;-;-;PA2022-10.055;-;-;-;PA2022-10.055;-;-;-;AP-3;Classe IV;1ª (*);4E;PA1;9;PA2016-0553;-;PA2016-0553;-;-;-;-;;-
SBBU;SP0017;BAURU;BAURU;SP;22° 20' 42'' S;49° 3' 14'' W;617 m;VFR Diurno/Noturno e IFR Diurno/Noturno;-;-; 14/32;1501 m;35 m;PCN 13/F/A/X/T;Asfalto;-;-;-;-;-;-;-;-;-;-;-;-;-;-;-;PA2023-10.813;-;-;-;PA2023-10.813;-;-;-;AP-0;Classe I;3ª;-;-;0;-;-;-;-;-;-;-;;-
SBBV;RR0001;ATLAS BRASIL CANTANHEDE;BOA VISTA;RR;2° 50' 29'' N;60° 41' 32'' W;81 m;VFR Diurno/Noturno e IFR Diurno/Noturno;RNS/AS;INTL PAX/CARGA; 08/26;2700 m;45 m;PCR 580/F/A/X/T;Asfalto;-;-;-;-;-;-;-;-;-;-;-;-;-;-;-;PA2018-0273;-;-;-;PA2018-0273;-;-;-;AP-1;Classe II;1ª;4C;NPA;6;PA2025-16.814;-;PA2025-16.814;-;-;-;-;X;-
SBBW;MT0008;BARRA DO GARÇAS;BARRA DO GARÇAS;MT;15° 51' 41'' S;52° 23' 20'' W;350 m;VFR Diurno/Noturno e IFR Diurno/Noturno;-;-; 07/25;1598 m;30 m;PCR 120/F/A/X/T;Asfalto;-;-;-;-;-;-;-;-;-;-;-;-;-;-;-;PA2023-10.743;-;-;-;PA2023-10.743;-;-;-;AP-1;Classe I;-;-;-;0;PA2023-13.857;PA2023-12.065;PA2023-13.857;PA2023-12.065;-;-;-;X;-
SBCA;PR0005;AEROPORTO REGIONAL DO OESTE - CEL. ADALBERTO MENDES DA SILVA;CASCAVEL;PR;25° 0' 8'' S;53° 30' 7'' W;759 m;VFR Diurno/Noturno e IFR Diurno/Noturno;-;-; 15/33;1771 m;45 m;PCN 48/F/B/X/T;Asfalto;-;-;-;-;-;-;-;-;-;-;-;-;-;-;-;PA2022-9115;-;-;-;PA2022-9115;-;-;-;AP-1;Classe II;3ª;-;-;7;-;-;-;-;-;-;-;;-
SBCB;RJ0003;CABO FRIO;CABO FRIO;RJ;22° 55' 15'' S;42° 4' 17'' W;7 m;VFR Diurno/Noturno e IFR Diurno/Noturno;RS;INTL PAX/CARGA; 10/28;2550 m;45 m;PCN 76/F/C/X/T;Asfalto;-;-;-;-;-;-;-;-;-;-;-;-;-;-;-;PA2019-2127;-;-;-;PA2019-2127;-;-;-;AP-1;Classe II;2ª;4E;NPA;7;PA2025-16.840;-;PA2025-16.840;-;-;-;-;;-
SBCD;SC0006;PREFEITO DR. CARLOS ALBERTO DA COSTA NEVES;CAÇADOR;SC;26° 47' 17'' S;50° 56' 24'' W;1029 m;VFR Diurno/Noturno e IFR Diurno/Noturno;-;-; 02/20;1873 m;30 m;PCN 25/F/A/X/T;Asfalto;-;-;-;-;-;-;-;-;-;-;-;-;-;-;-;PA2023-10.670;-;-;-;PA2023-10.670;-;-;-;AP-0;Classe I;-;-;-;0;-;-;-;-;-;-;-;;-
SBCF;MG0001;TANCREDO NEVES;BELO HORIZONTE;MG;19° 37' 28'' S;43° 58' 19'' W;829 m;VFR Diurno/Noturno e IFR Diurno/Noturno;RS;INTL PAX/CARGA; 16/34;3600 m;45 m;PCR 740/F/A/X/T;Asfalto;-;-;-;-;-;-;-;-;-;-;-;-;-;-;-;PA2018-2457;-;-;-;PA2018-2457;-;-;-;AP-3;Classe IV;1ª (*);4E;PA1;9;PA2015-2165;-;PA2015-2165;-;-;-;-;;-
SBCG;MS0001;AEROPORTO INTERNACIONAL DE CAMPO GRANDE - UEZE ELIAS ZAHRAN;CAMPO GRANDE;MS;20° 28' 10'' S;54° 40' 13'' W;559 m;VFR Diurno/Noturno e IFR Diurno/Noturno;RS;INTL PAX/CARGA; 06/24;2600 m;45 m;PCN 600/F/A/X/T;Asfalto;-;-;-;-;-;-;-;-;-;-;-;-;-;-;-;PA2026-18.973;-;-;-;PA2026-18.973;-;-;-;AP-2;Classe III;2ª;4C;PA1(06) / NPA(24);7;PA2024-15.607;-;PA2024-15.607;-;-;-;-;;-
SBCH;SC0003;SERAFIN ENOSS BERTASO;CHAPECÓ;SC;27° 8' 2'' S;52° 39' 32'' W;654 m;VFR Diurno/Noturno e IFR Diurno/Noturno;-;-; 12/30;2060 m;45 m;PCN 45/F/B/X/T;Asfalto;-;-;-;-;-;-;-;-;-;-;-;-;-;-;-;PA2022-9798;-;-;-;PA2022-9798;-;-;-;AP-2;Classe II;2ª;-;-;6;-;-;-;-;-;-;-;;-
SBCI;MA0003;BRIGADEIRO LYSIAS AUGUSTO RODRIGUES;CAROLINA;MA;7° 19' 14'' S;47° 27' 31'' W;172 m;VFR Diurno e IFR Diurno/Noturno;-;-; 11/29;1800 m;45 m;PCN 18/F/C/Y/U;Asfalto;-;-;-;-;-;-;-;-;-;-;-;-;-;-;-;PA2021-4951;-;-;-;PA2021-4951;-;-;-;AP-0;Classe I;4ª;-;-;0;-;-;-;-;Proibição de operações de pouso com aeronaves a reação (turbo-jato), exceto no caso de operações de emergência médica ou de transporte de valores realizadas mediante prévia coordenação com o Operador do Aeródromo;PA2023-10.496;PA2023-10.496;X;-
SBCJ;PA0006;CARAJÁS;PARAUAPEBAS;PA;6° 7' 4'' S;50° 0' 12'' W;629 m;VFR Diurno/Noturno e IFR Diurno/Noturno;-;-; 10/28;2000 m;45 m;PCR 500/F/A/X/T;Asfalto;-;-;-;-;-;-;-;-;-;-;-;-;-;-;-;PA2023-12.568;-;-;-;PA2023-12.568;-;-;-;AP-1;Classe I;2ª;-;-;5;-;-;-;-;-;-;-;X;-
SSIM;SC0009;FORQUILHINHA-CRICIÚMA;FORQUILHINHA;SC;28° 43' 33'' S;49° 25' 29'' W;28 m;VFR Diurno/Noturno;-;-; 09/27;1568 m;30 m;PCN 53/F/C/X/T;Asfalto;-;-;-;-;-;-;-;-;-;-;-;-;-;-;-;PA2023-12.002;-;-;-;PA2023-12.002;-;-;-;AP-0;Classe I;2ª;-;-;0;-;-;-;-;-;-;-;;-
SBCN;GO0003;NELSON RODRIGUES GUIMARÃES;CALDAS NOVAS;GO;17° 43' 30'' S;48° 36' 23'' W;703 m;VFR Diurno/Noturno e IFR Diurno/Noturno;-;-; 09/27;2110 m;45 m;PCN 35/F/A/X/T;Asfalto;-;-;-;-;-;-;-;-;-;-;-;-;-;-;-;PA2023-10.850;-;-;-;PA2023-10.850;-;-;-;AP-1;Classe I;2ª;-;-;5;-;-;-;-;-;-;-;;-
SBCP;RJ0006;BARTOLOMEU LISANDRO;CAMPOS DOS GOYTACAZES;RJ;21° 42' 4'' S;41° 18' 28'' W;18 m;VFR Diurno/Noturno e IFR Diurno/Noturno;-;-; 07/25;1544 m;45 m;PCN 29/F/A/X/T;Asfalto;-;-;-;-;-;-;-;-;-;-;-;-;-;-;-;PA2018-2768;-;-;-;PA2018-2768;-;-;-;AP-0;Classe I;2ª;-;-;0;-;-;-;-;-;-;-;;-
SBCR;MS0009;CORUMBÁ;CORUMBÁ;MS;19° 0' 43'' S;57° 40' 17'' W;141 m;VFR Diurno/Noturno e IFR Diurno/Noturno;RNS;INTL PAX/CARGA; 09/27;1500 m;45 m;PCR 350/F/A/X/T;Asfalto;-;-;-;-;-;-;-;-;-;-;-;-;-;-;-;PA2016-0668;-;-;-;PA2016-0668;-;-;-;AP-1;Classe I;2ª;-;-;5;-;-;-;-;-;-;-;;-
SBCT;PR0001;AFONSO PENA;CURITIBA;PR;25° 31' 54'' S;49° 10' 34'' W;911 m;VFR Diurno/Noturno e IFR Diurno/Noturno;RS;INTL PAX/CARGA; 15/33;2218 m;45 m;PCR 640/F/B/X/T;Asfalto; 11/29;1798 m;45 m;PCR 520/F/B/X/T;Asfalto;-;-;-;-;-;-;-;-;-;-;PA2024-13.895;-;-;-;PA2024-13.895;-;-;-;AP-3;Classe IV;1ª;"4E(15/33); 3C(11/29)";"PA2(15) / PA1(33)/ NPA(11;29)";9;PA2023-10.883;PA2023-10.883;PA2023-10.883;PA2023-10.883;-;-;-;;-
SBCX;RS0007;HUGO CANTERGIANI;CAXIAS DO SUL;RS;29° 11' 53'' S;51° 11' 12'' W;754 m;VFR Diurno/Noturno e IFR Diurno/Noturno;-;-; 15/33;1670 m;30 m;PCN 45/F/A/X/T;Asfalto;-;-;-;-;-;-;-;-;-;-;-;-;-;-;-;PA2023-11.658;-;-;-;PA2023-11.658;-;-;-;AP-1;Classe II;3ª;-;-;5;-;-;-;-;"I - fica proibida a realização de operações de serviço de transporte aéreo de passageiro regidas pelo Regulamento Brasileiro da Aviação Civil - RBAC nº 121, acima do limite de 21 (vinte e uma) frequências semanais de aeronaves de categoria 3C; II - fica proibida a realização de operações de serviço de transporte aéreo de passageiro regidas pelo RBAC nº 121, de aeronaves de categoria 4C ou mais exigentes; III - ficam proibidas as operações noturnas de pouso em pista com PAPI inoperante; IV - fica determinada a classificação do SBCX como aeródromo do Grupo B, nos termos do parágrafo 5.2.6 da Instrução Suplementar - IS nº 121-020, em razão, pelo menos, do seu enquadramento no parágrafo 5.2.1.(b)(V) da referida IS, sem prejuízo do eventual enquadramento em outros parágrafos;";PA2025-17.995;PA2025-17.995;;-
SBCY;MT0001;MARECHAL RONDON;CUIABÁ;MT;15° 39' 0'' S;56° 7' 3'' W;188 m;VFR Diurno/Noturno e IFR Diurno/Noturno;RS;INTL PAX/CARGA; 17/35;2300 m;45 m;PCR 560/F/B/X/T;Asfalto;-;-;-;-;-;-;-;-;-;-;-;-;-;-;-;PA2018-2575;-;-;-;PA2018-2575;-;-;-;AP-2;Classe III;1ª;4C;PA1(35) / NPA(17);7;PA2022-9773;PA2022-9773;PA2022-9773;PA2022-9773;-;-;-;X;PA2024-13.971 A designação é por tempo determinado compreendido entre 06 de março a 31 de julho de 2024.
SSCL;MS0018;CASSILÂNDIA;CASSILÂNDIA;MS;19° 8' 49'' S;51° 40' 35'' W;481 m;VFR Diurno;-;-; 13/31;1254 m;18 m;PCN 10/F/B/Y/T;Asfalto;-;-;-;-;-;-;-;-;-;-;-;-;-;-;-;PA2017-1340;-;-;-;PA2017-1340;-;-;-;AP-0;Classe I;-;-;-;0;-;-;-;-;-;-;-;;-
SBDB;MS0004;AERÓDROMO PÚBLICO DE BONITO;BONITO;MS;21° 14' 50'' S;56° 27' 9'' W;334 m;VFR Diurno/Noturno e IFR Diurno/Noturno;-;-; 18/36;2000 m;30 m;PCN 48/F/A/X/T;Asfalto;-;-;-;-;-;-;-;-;-;-;-;-;-;-;-;PA2015-1122;-;-;-;PA2015-1122;-;-;-;AP-1;Classe I;3ª;3C;"NPA(18;36)";5;PA2022-9254;-;PA2022-9254;-;-;-;-;;-
SBDN;SP0005;PRESIDENTE PRUDENTE;PRESIDENTE PRUDENTE;SP;22° 10' 30'' S;51° 25' 28'' W;452 m;VFR Diurno/Noturno e IFR Diurno/Noturno;-;-; 12/30;2100 m;35 m;PCN 38/F/A/X/T;Asfalto;-;-;-;-;-;-;-;-;-;-;-;-;-;-;-;PA2022-9949;-;-;-;PA2022-9949;-;-;-;AP-1;Classe II;3ª;-;-;7;-;-;-;-;"I - fica proibida a realização de operações de serviço de transporte aéreo de passageiro regidas pelo RBAC nº 121, de aeronaves de categoria 4C, acima do limite de frequências semanais de aeronaves constante da Tabela 1 do Anexo, até 28 de março de 2026; II - fica proibida a realização de operações de serviço de transporte aéreo de passageiro regidas pelo RBAC nº 121 de aeronaves de categoria 4C, a partir de 29 de março de 2026; III - ficam proibidas as operações noturnas de pouso em pista com PAPI inexistente ou inoperante;";PA2025-17.993;PA2025-17.993;;-
SBDO;MS0008;DOURADOS;DOURADOS;MS;22° 12' 2'' S;54° 55' 32'' W;457 m;VFR Diurno/Noturno e IFR Diurno/Noturno;-;-; 06/24;1950 m;30 m;PCN 41/F/B/X/T;Asfalto;-;-;-;-;-;-;-;-;-;-;-;-;-;-;-;PA2023-12.139;-;-;-;PA2023-12.139;-;-;-;AP-1;Classe I;2ª;-;-;0;-;-;-;-;-;-;-;;-
SBEG;AM0001;EDUARDO GOMES;MANAUS;AM;3° 2' 28'' S;60° 3' 2'' W;80 m;VFR Diurno/Noturno e IFR Diurno/Noturno;RS;INTL PAX/CARGA; 11/29;2700 m;45 m;PCR 860/F/A/X/T;Asfalto;-;-;-;-;-;-;-;-;-;-;-;-;-;-;-;PA2022-7517;-;-;-;PA2022-7517;-;-;-;AP-2;Classe III;1ª;4E;PA1(11) / NPA(29);9;PA2023-10.197;-;PA2023-10.197;-;-;-;-;X;-
SBEK;PA0011;JACAREACANGA;JACAREACANGA;PA;6° 14' 7'' S;57° 46' 33'' W;101 m;VFR Diurno;-;-; 08/26;1600 m;30 m;5700 kg / 0,5 MPa;Asfalto;-;-;-;-;-;-;-;-;-;-;-;-;-;-;-;PA2020-2419;-;-;-;PA2020-2419;-;-;-;AP-0;Classe I;-;-;-;0;-;-;-;-;Proibição de operações de pouso de aeronaves de asa fixa com motor à reação (turbojato).;PA2021-4427;PA2021-4427;X;-
SBFI;PR0002;CATARATAS;FOZ DO IGUAÇU;PR;25° 36' 1'' S;54° 29' 6'' W;240 m;VFR Diurno/Noturno e IFR Diurno/Noturno;RS;INTL PAX/CARGA; 15/33;2705 m;45 m;PCN 67/F/A/X/T;Asfalto;-;-;-;-;-;-;-;-;-;-;-;-;-;-;-;PA2014-1182;-;-;-;PA2014-1182;-;-;-;AP-2;Classe III;2ª;4C;PA1(15)/NPA(33);7;PA2024-14.129;-;PA2024-14.129;-;-;-;-;;-
SBFL;SC0001;HERCÍLIO LUZ;FLORIANÓPOLIS;SC;27° 40' 13'' S;48° 33' 9'' W;5 m;VFR Diurno/Noturno e IFR Diurno/Noturno;RS;INTL PAX/CARGA; 14/32;2400 m;45 m;PCR 710/F/A/X/T;Asfalto; 03/21;1320 m;45 m;PCN 200/R/B/W/T;Concreto;-;-;-;-;-;-;-;-;-;-;PA2017-3540;-;-;-;PA2017-3540;-;-;-;AP-2;Classe III;1ª;"4E(14/32); 2B(03/21)";" PA1(14)/ NPA(32)/NINST(03;21)";7;PA2018-3994;-;PA2018-3994;-;-;-;-;;-
SBFN;PE0003;FERNANDO DE NORONHA;FERNANDO DE NORONHA;PE;3° 51' 17'' S;32° 25' 42'' W;58 m;VFR Diurno/Noturno e IFR Diurno/Noturno;-;-; 12/30;1845 m;45 m;PCN 49/F/A/X/T;Asfalto;-;-;-;-;-;-;-;-;-;-;-;-;-;-;-;PA2018-2251;-;-;-;PA2018-2251;-;-;-;AP-1;Classe II;2ª;-;-;6;-;-;-;-;"I - fica proibida a realização de operações de serviço de transporte aéreo de passageiro regidas pelo Regulamento Brasileiro da Aviação Civil - RBAC nº 121 acima do limite de 31 (trinta e uma) frequências semanais de aeronaves; II - ficam proibidas as operações noturnas de pouso em pista com PAPI inexistente ou inoperante, exceto por necessidade de emergência médica; III - fica determinada a classificação do SBFN como aeródromo do Grupo B, nos termos do parágrafo 5.2.6 da Instrução Suplementar - IS nº 121-020, em razão, pelo menos, do seu enquadramento no parágrafo 5.2.1.(b)(V) da referida IS, sem prejuízo do eventual enquadramento em outros parágrafos;

I - ficam proibidas as operações de aviação geral e de táxi-aéreo durante as operações de transporte público regular de passageiros; II - ficam proibidas as operações aéreas simultâneas de transporte público regular de passageiros; III - fica proibido o aumento do parâmetro de resistência do pavimento (PCN) vigente na presente data: PCN 33/F/A/X/U; e IV - fica proibido o aumento da frequência de operações aéreas de transporte público regular de passageiros.";PA2025-17.994 / PA2025-17.375 / PA2026-19.118;PA2025-17.994 / PA2025-17.375 / PA2026-19.118;;-
SBFZ;CE0001;PINTO MARTINS;FORTALEZA;CE;3° 46' 33'' S;38° 31' 56'' W;25 m;VFR Diurno/Noturno e IFR Diurno/Noturno;RS;INTL PAX/CARGA; 13/31;2755 m;45 m;PCR 780/F/B/X/T;Asfalto;-;-;-;-;-;-;-;-;-;-;-;-;-;-;-;PA2018-3262;-;-;-;PA2018-3262;-;-;-;AP-3;Classe IV;1ª;4E;PA1(13) / NPA(31);9;PA2022-9952;PA2022-9952;PA2022-9952;PA2022-9952;-;-;-;;-
SBGL;RJ0001;RIO DE JANEIRO/GALEÃO – ANTÔNIO CARLOS JOBIM;RIO DE JANEIRO;RJ;22° 48' 36'' S;43° 15' 2'' W;9 m;VFR Diurno/Noturno e IFR Diurno/Noturno;RS;INTL PAX/CARGA; 10/28;4000 m;45 m;PCN 78/R/A/W/T;Concreto; 15/33;3180 m;47 m;PCN 73/F/B/X/T;Asfalto;-;-;-;-;-;-;-;-;-;-;PA2021-6801;-;-;-;PA2021-6801;-;-;-;AP-3;Classe IV;1ª (*);4E;"PA2(10) / PA1(28;15) / NPA(33)";10;PA2015-2166;-;PA2015-2166;-;-;-;-;;-
SBGM;RO0006;GUAJARÁ-MIRIM;GUAJARÁ-MIRIM;RO;10° 47' 18'' S;65° 16' 54'' W;146 m;VFR Diurno/Noturno;-;-; 17/35;1795 m;45 m;PCN 30/F/C/X/U;Asfalto;-;-;-;-;-;-;-;-;-;-;-;-;-;-;-;PA2020-0974;-;-;-;PA2020-0974;-;-;-;AP-0;Classe I;-;-;-;0;-;-;-;-;Proibição de operações noturnas e também de operações de aeronaves de asa fixa com motores à reação (turbojatos).;PA2022-9711;PA2022-9711;X;-
SBGO;GO0001;SANTA GENOVEVA/GOIÂNIA;GOIÂNIA;GO;16° 37' 57'' S;49° 13' 16'' W;747 m;VFR Diurno/Noturno e IFR Diurno/Noturno;RS;INTL PAX/CARGA; 14/32;2286 m;45 m;PCN 70/F/A/X/T;Asfalto;-;-;-;-;-;-;-;-;-;-;-;-;-;-;-;PA2017-3371;-;-;-;PA2017-3371;-;-;-;AP-2;Classe III;1ª;4C;"NPA(14;32)";7;PA2022-7300;-;PA2022-7300;-;-;-;-;;-
SBGR;SP0002;GUARULHOS - GOVERNADOR ANDRÉ FRANCO MONTORO;GUARULHOS;SP;23° 26' 8'' S;46° 28' 23'' W;750 m;VFR Diurno/Noturno e IFR Diurno/Noturno;RS;INTL PAX/CARGA; 10L/28R;3700 m;45 m;PCR 790/F/C/X/T;Asfalto; 10R/28L;3000 m;45 m;PCN 810/F/C/X/T;Asfalto;-;-;-;-;-;-;-;-;-;-;PA2019-3642;-;-;-;PA2019-3642;-;-;-;AP-3;Classe IV;1ª (*);4E;"PA3-A(10R)/ PA2(10L)/ PA1(28L;28R)";10;PA2013-2987;-;PA2013-2987;-;-;-;-;;"Portaria n° 15.297/SIA revoga as seguintes Portarias, que se referem a providência administrativa acautelatória que proibiu a realização de operações de transporte aéreo público de passageiros regidas pelos RBACs nºs 121 e 129 acima do limite de 2.714 (duas mil e setecentas e catorze) frequências semanais, no Aeroporto Internacional de Guarulhos - Governador André Franco Montoro - SBGR, localizado em Guarulhos (SP):
I - Portaria nº 14.734/SIA, de 4 de junho de 2024, publicada no Diário Oficial da União - DOU de 5 de junho de 2024, Seção 1, página 76; e
II - Portaria nº 14.847/SIA, de 19 de junho de 2024, publicada no DOU de 21 de junho de 2024, Seção 1, página 72."
SSGG;PR0009;AEROPORTO REGIONAL DE GUARAPUAVA - TANCREDO THOMÁS DE FARIA;GUARAPUAVA;PR;25° 23' 18'' S;51° 31' 25'' W;1065 m;VFR Diurno/Noturno e IFR Diurno/Noturno;-;-; 08/26;1365 m;30 m;PCN 23/F/C/X/T;Asfalto;-;-;-;-;-;-;-;-;-;-;-;-;-;-;-;PA2021-5002;-;-;-;PA2021-5002;-;-;-;AP-1;Classe I;4ª;2C;NPA;0;PA2021-6333;-;PA2021-6333;-;-;-;-;;-
SBGV;MG0032;CORONEL ALTINO MACHADO;GOVERNADOR VALADARES;MG;18° 53' 46'' S;41° 58' 60'' W;171 m;VFR Diurno/Noturno e IFR Diurno/Noturno;-;-; 07/25;1701 m;30 m;PCN 31/F/B/X/T;Asfalto;-;-;-;-;-;-;-;-;-;-;-;-;-;-;-;PA2023-10.934;-;-;-;PA2023-10.934;-;-;-;AP-1;Classe I;3ª;-;-;0;PA2024-15.495;-;PA2024-15.495;-;-;-;-;;-
SBGW;SP0076;GUARATINGUETÁ;GUARATINGUETÁ;SP;22° 47' 30'' S;45° 12' 16'' W;537 m;VFR Diurno/Noturno e IFR Diurno/Noturno;-;-; 02/20;1551 m;30 m;PCN 15/F/C/Y/U;Asfalto;-;-;-;-;-;-;-;-;-;-;-;-;-;-;-;PA2020-1020;-;-;-;PA2020-1020;-;-;-;AP-0;Classe I;-;-;-;0;-;-;-;-;-;-;-;;-
SBHT;PA0003;ALTAMIRA;ALTAMIRA;PA;3° 15' 3'' S;52° 15' 8'' W;112 m;VFR Diurno/Noturno e IFR Diurno/Noturno;-;-; 07/25;2003 m;30 m;PCN 36/F/A/X/T;Asfalto;-;-;-;-;-;-;-;-;-;-;-;-;-;-;-;PA2017-2887;-;-;-;PA2017-2887;-;-;-;AP-1;Classe I;2ª;-;-;5;-;-;-;-;-;-;-;X;-
SBIC;AM0012;ITACOATIARA;ITACOATIARA;AM;3° 7' 35'' S;58° 28' 54'' W;43 m;VFR Diurno;-;-; 14/32;1520 m;30 m;PCN 10/F/A/Y/T;Asfalto;-;-;-;-;-;-;-;-;-;-;-;-;-;-;-;PA2018-2359;-;-;-;PA2018-2359;-;-;-;AP-0;Classe I;-;-;-;0;-;-;-;-;-;-;-;X;-
SBIH;PA0010;ITAITUBA;ITAITUBA;PA;4° 14' 32'' S;56° 0' 3'' W;33 m;VFR Diurno/Noturno e IFR Diurno/Noturno;-;-; 06/24;1700 m;30 m;PCN 26/F/B/X/T;Asfalto;-;-;-;-;-;-;-;-;-;-;-;-;-;-;-;PA2020-1747;-;-;-;PA2020-1747;-;-;-;AP-1;Classe I;3ª;-;-;3;-;-;-;-;-;-;-;X;-
SBIL;BA0004;BAHIA - JORGE AMADO;ILHÉUS;BA;14° 48' 54'' S;39° 2' 0'' W;4 m;VFR Diurno/Noturno;-;-; 11/29;1577 m;45 m;PCR 510/F/B/X/T;Asfalto;-;-;-;-;-;-;-;-;-;-;-;-;-;-;-;PA2020-2422;-;-;-;PA2020-2422;-;-;-;AP-2;Classe II;2ª;-;-;6;-;-;-;-;-;-;-;;-
SBIP;MG0007;USIMINAS;SANTANA DO PARAÍSO;MG;19° 28' 43'' S;42° 29' 33'' W;240 m;VFR Diurno e IFR Diurno/Noturno;-;-; 05/23;2004 m;45 m;PCR 470/F/A/X/T;Asfalto;-;-;-;-;-;-;-;-;-;-;-;-;-;-;-;PA2022-7095;-;-;-;PA2022-7095;-;-;-;AP-1;Classe I;3ª;-;-;0;-;-;-;-;-;-;-;;-
SBIZ;MA0002;PREFEITO RENATO MOREIRA;IMPERATRIZ;MA;5° 31' 50'' S;47° 27' 30'' W;132 m;VFR Diurno/Noturno e IFR Diurno/Noturno;-;-; 07/25;1798 m;45 m;PCN 52/F/A/X/T;Asfalto;-;-;-;-;-;-;-;-;-;-;-;-;-;-;-;PA2018-2252;-;-;-;PA2018-2252;-;-;-;AP-1;Classe II;2ª;4C;NPA;6;PA2025-17.879;-;PA2025-17.879;-;-;-;-;X;-
SBJD;SP0031;COMANDANTE ROLIM ADOLFO AMARO;JUNDIAÍ;SP;23° 10' 54'' S;46° 56' 37'' W;753 m;VFR Diurno/Noturno e IFR Diurno/Noturno;-;-; 18/36;1400 m;30 m;PCN 21/F/A/X/T;Asfalto;-;-;-;-;-;-;-;-;-;-;-;-;-;-;-;PA2018-3807;-;-;-;PA2018-3807;-;-;-;AP-0;Classe II;3ª;-;-;3;-;-;-;-;-;-;-;;-
SBJF;MG0016;FRANCISCO DE ASSIS;JUIZ DE FORA;MG;21° 47' 35'' S;43° 23' 8'' W;911 m;VFR Diurno/Noturno e IFR Diurno/Noturno;-;-; 03/21;1535 m;30 m;PCN 32/F/A/Y/T;Asfalto;-;-;-;-;-;-;-;-;-;-;-;-;-;-;-;PA2020-1921;-;-;-;PA2020-1921;-;-;-;AP-0;Classe I;3ª;-;-;0;-;-;-;-;-;-;-;;-
SBJI;RO0005;JI-PARANÁ;JI-PARANÁ;RO;10° 52' 14'' S;61° 50' 48'' W;182 m;VFR Diurno/Noturno e IFR Diurno/Noturno;-;-; 03/21;1800 m;45 m;PCR 480/F/A/X/T;Asfalto;-;-;-;-;-;-;-;-;-;-;-;-;-;-;-;PA2021-5871;-;-;-;PA2021-5871;-;-;-;AP-1;Classe I;3ª;3C;NPA;0;PA2021-5942;-;PA2021-5942;-;-;-;-;X;-
SBJP;PB0001;PRESIDENTE CASTRO PINTO;JOÃO PESSOA;PB;7° 8' 54'' S;34° 57' 1'' W;66 m;VFR Diurno/Noturno e IFR Diurno/Noturno;RS;INTL PAX/CARGA; 16/34;2515 m;45 m;PCN 52/F/B/X/T;Asfalto;-;-;-;-;-;-;-;-;-;-;-;-;-;-;-;PA2015-1203;-;-;-;PA2015-1203;-;-;-;AP-2;Classe III;2ª;4C;NPA;7;PA2022-7340;-;PA2022-7340;-;-;-;-;;-
SBJR;RJ0005;JACAREPAGUÁ - ROBERTO MARINHO;RIO DE JANEIRO;RJ;22° 59' 15'' S;43° 22' 12'' W;3 m;VFR Diurno/Noturno;-;-; 03/21;900 m;30 m;PCN 10/F/C/Y/U;Asfalto;-;-;-;-;-;-;-;-;-;-;-;-;-;-;-;PA2017-1808;-;-;-;PA2017-1808;-;-;-;AP-1;Classe II;2ª;-;-;3;-;-;-;-;-;-;-;;-
SBJU;CE0002;ORLANDO BEZERRA DE MENEZES;JUAZEIRO DO NORTE;CE;7° 13' 9'' S;39° 16' 10'' W;409 m;VFR Diurno/Noturno e IFR Diurno/Noturno;-;-; 13/31;1940 m;45 m;PCR 520/F/B/X/T;Asfalto;-;-;-;-;-;-;-;-;-;-;-;-;-;-;-;PA2019-0624;-;-;-;PA2019-0624;-;-;-;AP-1;Classe II;2ª;-;-;6;-;-;-;-;-;-;-;;-
SBJV;SC0004;LAURO CARNEIRO DE LOYOLA;JOINVILLE;SC;26° 13' 23'' S;48° 47' 52'' W;5 m;VFR Diurno/Noturno e IFR Diurno/Noturno;-;-; 15/33;1540 m;45 m;PCN 59/F/C/X/T;Asfalto;-;-;-;-;-;-;-;-;-;-;-;-;-;-;-;PA2020-1029;-;-;-;PA2020-1029;-;-;-;AP-1;Classe II;1ª;4C;PA1(33) / NPA(15);6;PA2024-15.055;-;PA2024-15.055;-;-;-;-;;-
SBKG;PB0003;PRESIDENTE JOÃO SUASSUNA;CAMPINA GRANDE;PB;7° 16' 9'' S;35° 53' 42'' W;502 m;VFR Diurno/Noturno e IFR Diurno/Noturno;-;-; 15/33;1565 m;42 m;PCN 50/F/A/X/T;Asfalto;-;-;-;-;-;-;-;-;-;-;-;-;-;-;-;PA2016-0575;-;-;-;PA2016-0575;-;-;-;AP-1;Classe II;2ª;-;-;5;-;-;-;-;-;-;-;;-
SBKP;SP0003;VIRACOPOS;CAMPINAS;SP;23° 0' 25'' S;47° 8' 4'' W;661 m;VFR Diurno/Noturno e IFR Diurno/Noturno;RS;INTL PAX/CARGA; 15/33;3240 m;45 m;PCR 770/F/B/X/T;Asfalto;-;-;-;-;-;-;-;-;-;-;-;-;-;-;-;PA2018-3677;-;-;-;PA2018-3677;-;-;-;AP-3;Classe IV;1ª (*);4E;PA1(15) / NPA(33);10;PA2014-1388;-;PA2014-1388;-;-;-;-;;-
SBLE;BA0006;HORÁCIO DE MATTOS;LENÇÓIS;BA;12° 28' 56'' S;41° 16' 37'' W;506 m;VFR Diurno/Noturno;-;-; 14/32;1992 m;30 m;PCN 44/F/A/W/T;Asfalto;-;-;-;-;-;-;-;-;-;-;-;-;-;-;-;PA2015-2870;-;-;-;PA2015-2870;-;-;-;AP-1;Classe I;3ª;-;-;0;-;-;-;-;-;-;-;;-
SBLJ;SC0007;LAGES;LAGES;SC;27° 46' 56'' S;50° 16' 54'' W;934 m;VFR Diurno/Noturno e IFR Diurno/Noturno;-;-; 17/35;1532 m;30 m;PCN 17/F/C/Y/U;Asfalto;-;-;-;-;-;-;-;-;-;-;-;-;-;-;-;PA2016-1562;-;-;-;PA2016-1562;-;-;-;AP-0;Classe I;4ª;-;-;0;-;-;-;-;-;-;-;;-
SBLO;PR0003;GOVERNADOR JOSÉ RICHA;LONDRINA;PR;23° 19' 49'' S;51° 8' 12'' W;569 m;VFR Diurno/Noturno e IFR Diurno/Noturno;-;-; 13/31;2100 m;45 m;PCN 50/F/A/X/T;Asfalto;-;-;-;-;-;-;-;-;-;-;-;-;-;-;-;PA2018-1601;-;-;-;PA2018-1601;-;-;-;AP-2;Classe II;2ª;4C;NPA(13)/PA1(31);7;PA2025-18.379;-;PA2025-18.379;-;-;-;-;;-
SBMA;PA0004;JOÃO CORRÊA DA ROCHA;MARABÁ;PA;5° 22' 5'' S;49° 8' 17'' W;109 m;VFR Diurno/Noturno e IFR Diurno/Noturno;-;-; 07/25;2000 m;45 m;PCN 40/F/C/X/U;Asfalto;-;-;-;-;-;-;-;-;-;-;-;-;-;-;-;PA2018-1179;-;-;-;PA2018-1179;-;-;-;AP-1;Classe II;2ª;-;-;6;-;-;-;-;-;-;-;X;-
SBMD;PA0009;MONTE DOURADO;ALMEIRIM;PA;0° 53' 23'' S;52° 36' 8'' W;206 m;VFR Diurno;-;-; 08/26;1800 m;30 m;PCN 25/F/A/X/T;Asfalto;-;-;-;-;-;-;-;-;-;-;-;-;-;-;-;PA2020-1922;-;-;-;PA2020-1922;-;-;-;AP-1;Classe I;3ª;-;-;0;-;-;-;-;-;-;-;X;-
SBME;RJ0004;AEROPORTO DE MACAÉ/RIO DE JANEIRO - JOAQUIM DE AZEVEDO MANCEBO;MACAÉ;RJ;22° 20' 30'' S;41° 45' 58'' W;3 m;VFR Diurno/Noturno e IFR Diurno/Noturno;-;-; 05/23;1410 m;30 m;PCR 270/F/D/X/T;Asfalto; 06/24;899 m;30 m;PCR 380/F/C/X/T;Asfalto;-;-;-;-;-;-;-;-;-;-;PA2025-16.191;-;-;-;PA2025-16.191;-;-;-;AP-1;Classe I;2ª;3C;NPA;5;PA2021-6757;PA2025-17.935;PA2021-6757;PA2025-17.935;-;-;-;;-
SBMG;PR0004;SÍLVIO NAME JÚNIOR;MARINGÁ;PR;23° 28' 35'' S;52° 1' 4'' W;549 m;VFR Diurno/Noturno e IFR Diurno/Noturno;RNS;INTL CARGA; 10/28;2380 m;45 m;PCN 45/F/A/X/T;Asfalto;-;-;-;-;-;-;-;-;-;-;-;-;-;-;-;PA2022-8564;-;-;-;PA2022-8564;-;-;-;AP-2;Classe II;2ª;4D;PA1 (10) / NPA(28);7;PA2022-7199 ;-;PA2022-7199 ;-;-;-;-;;-
SBMK;MG0004;MÁRIO RIBEIRO;MONTES CLAROS;MG;16° 42' 22'' S;43° 49' 19'' W;668 m;VFR Diurno/Noturno e IFR Diurno/Noturno;-;-; 12/30;2100 m;45 m;PCR 500/F/A/X/T;Asfalto;-;-;-;-;-;-;-;-;-;-;-;-;-;-;-;PA2014-1719;-;-;-;PA2014-1719;-;-;-;AP-1;Classe II;2ª;4C;NPA;5;PA2023-12.610;PA2023-12.610;PA2023-12.610;PA2023-12.610;-;-;-;;-
SBML;SP0014;FRANK MILOYE MILENKOVICH;MARÍLIA;SP;22° 11' 49'' S;49° 55' 35'' W;650 m;VFR Diurno/Noturno e IFR Diurno/Noturno;-;-; 03/21;1610 m;35 m;PCN 35/F/B/X/T;Asfalto;-;-;-;-;-;-;-;-;-;-;-;-;-;-;-;PA2023-11.657;-;-;-;PA2023-11.657;-;-;-;AP-1;Classe I;3ª;-;-;0;-;-;-;-;-;-;-;;-
SBMO;AL0001;ZUMBI DOS PALMARES;MACEIÓ;AL;9° 30' 39'' S;35° 47' 30'' W;118 m;VFR Diurno/Noturno e IFR Diurno/Noturno;RS;INTL PAX; 12/30;2602 m;45 m;PCR 400/F/A/X/T;Asfalto;-;-;-;-;-;-;-;-;-;-;-;-;-;-;-;PA2021-6020;-;-;-;PA2021-6020;-;-;-;AP-2;Classe III;1ª;4E;PA1(12) / NPA(30);7;PA2022-7249;-;PA2022-7249;-;-;-;-;;-
SBMQ;AP0001;ALBERTO ALCOLUMBRE;MACAPÁ;AP;0° 3' 2'' N;51° 4' 20'' W;17 m;VFR Diurno/Noturno e IFR Diurno/Noturno;RNS/AS;INTL PAX/CARGA; 08/26;2100 m;45 m;PCN 48/F/C/X/T;Asfalto;-;-;-;-;-;-;-;-;-;-;-;-;-;-;-;PA2022-9619;-;-;-;PA2022-9619;-;-;-;AP-1;Classe II;2ª;4C;NPA;6;PA2025-16.882;-;PA2025-16.882;-;-;-;-;X;-
SBMS;RN0002;DIX-SEPT ROSADO;MOSSORÓ;RN;5° 11' 45'' S;37° 21' 42'' W;23 m;VFR Diurno/Noturno e IFR Diurno/Noturno;-;-; 05/23;1900 m;30 m;PCR 590/F/C/X/T;Asfalto;-;-;-;-;-;-;-;-;-;-;-;-;-;-;-;PA2021-4773;-;-;-;PA2021-4773;-;-;-;AP-0;Classe I;4ª;-;-;0;-;-;-;-;-;-;-;;-
SBMT;SP0007;CAMPO DE MARTE;SÃO PAULO;SP;23° 30' 33'' S;46° 38' 15'' W;723 m;VFR Diurno/Noturno;-;-; 12/30;1600 m;45 m;PCN 16/F/C/Y/U;Asfalto;-;-;-;-;-;-;-;-;-;-;11  28;quadrado;25 m x25 m;4 t;Paralelepípedo;PA2023-12.612;-;-;-;PA2023-12.612;-;-;-;AP-0;Classe II;3ª;-;-;3;-;-;-;-;-;-;-;;-
SBMY;AM0015;MANICORÉ;MANICORÉ;AM;5° 48' 40'' S;61° 16' 42'' W;53 m;VFR Diurno;-;-; 05/23;1265 m;30 m;PCR 90/F/D/X/T;Asfalto;-;-;-;-;-;-;-;-;-;-;-;-;-;-;-;PA2022-9831;-;-;-;PA2022-9831;-;-;-;AP-1;Classe I;-;-;-;0;-;-;-;-;-;-;-;X;-
SBNF;SC0002;MINISTRO VICTOR KONDER;NAVEGANTES;SC;26° 52' 43'' S;48° 39' 3'' W;5 m;VFR Diurno/Noturno e IFR Diurno/Noturno;RS;INTL PAX/CARGA; 08/26;1800 m;45 m;PCR 520/F/B/X/T;Asfalto;-;-;-;-;-;-;-;-;-;-;-;-;-;-;-;PA2013-3372;-;-;-;PA2013-3372;-;-;-;AP-2;Classe III;2ª;4C;NPA;7;PA2023-10.756;PA2023-10.756;PA2023-10.756;PA2023-10.756;-;-;-;;-
SBNM;RS0008;SANTO ÂNGELO;SANTO ÂNGELO;RS;28° 16' 54'' S;54° 10' 6'' W;322 m;VFR Diurno/Noturno e IFR Diurno/Noturno;-;-; 12/30;1625 m;30 m;PCN 35/F/A/X/T;Asfalto;-;-;-;-;-;-;-;-;-;-;-;-;-;-;-;PA2019-3072;-;-;-;PA2019-3072;-;-;-;AP-1;Classe I;4ª;2C;NPA;5;PA2019-0746;PA2022-8456;PA2019-0746;PA2022-8456;-;-;-;;-
SBOI;AP0002;OIAPOQUE;OIAPOQUE;AP;3° 51' 15'' N;51° 47' 50'' W;16 m;VFR Diurno/Noturno e IFR Diurno/Noturno;-;-; 03/21;1500 m;30 m;PCR 150/F/C/Y/T;Asfalto;-;-;-;-;-;-;-;-;-;-;-;-;-;-;-;PA2023-12.569;-;-;-;PA2023-12.569;-;-;-;AP-0;Classe I;-;-;-;0;-;-;-;-;-;-;-;X;-
SBPA;RS0001;SALGADO FILHO;PORTO ALEGRE;RS;29° 59' 41'' S;51° 10' 16'' W;9 m;VFR Diurno/Noturno e IFR Diurno/Noturno;RS;INTL PAX/CARGA; 11/29;3200 m;45 m;PCN 72/F/B/X/T;Asfalto;-;-;-;-;-;-;-;-;-;-;-;-;-;-;-;PA2014-1446;-;-;-;PA2014-1446;-;-;-;AP-3;Classe IV;1ª;4E;PA2(11) / NPA(29);9;PA2018-3651;-;PA2018-3651;-;Proibição de operações de pouso e decolagem de aeronaves de asa fixa.;PA2024-14.654;PA2024-14.654;;-
SBPB;PI0002;PREFEITO DOUTOR JOÃO SILVA FILHO;PARNAÍBA;PI;2° 53' 36'' S;41° 43' 49'' W;5 m;VFR Diurno/Noturno;-;-; 10/28;2500 m;45 m;PCN 52/F/C/X/T;Asfalto;-;-;-;-;-;-;-;-;-;-;-;-;-;-;-;PA2023-11.788;-;-;-;PA2023-11.788;-;-;-;AP-1;Classe I;3ª;-;-;5;-;-;-;-;-;-;-;;-
SBPC;MG0018;EMBAIXADOR WALTHER MOREIRA SALLES;POÇOS DE CALDAS;MG;21° 50' 33'' S;46° 34' 10'' W;1261 m;VFR Diurno e IFR Diurno;-;-; 09/27;1515 m;30 m;PCN 14/F/C/Y/U;Asfalto;-;-;-;-;-;-;-;-;-;-;-;-;-;-;-;PA2023-10.943;-;-;-;PA2023-10.943;-;-;-;AP-0;Classe I;4ª;-;-;0;-;-;-;-;-;-;-;;-
SBPF;RS0006;LAURO KURTZ;PASSO FUNDO;RS;28° 14' 39'' S;52° 19' 42'' W;725 m;VFR Diurno/Noturno e IFR Diurno/Noturno;-;-; 09/27;1680 m;30 m;PCN 36/F/B/W/T;Asfalto;-;-;-;-;-;-;-;-;-;-;-;-;-;-;-;PA2022-7368;-;-;-;PA2022-7368;-;-;-;AP-1;Classe II;4ª;-;-;5;-;-;-;-;"I - fica proibida a realização de operações de serviço de transporte aéreo de passageiro regidas pelo RBAC nº 121, de aeronaves de categoria 4C, acima do limite de frequências semanais de aeronaves constante da Tabela 1 do Anexo, até 28 de março de 2026; II - fica proibida a realização de operações de serviço de transporte aéreo de passageiro regidas pelo RBAC nº 121 de aeronaves de categoria 4C, a partir de 29 de março de 2026; III - ficam proibidas as operações noturnas de pouso em pista com PAPI inexistente ou inoperante;";PA2025-17.993;PA2025-17.993;;-
SBPJ;TO0001;BRIGADEIRO LYSIAS RODRIGUES;PALMAS;TO;10° 17' 24'' S;48° 21' 28'' W;236 m;VFR Diurno/Noturno e IFR Diurno/Noturno;-;-; 14/32;2500 m;45 m;PCN 63/F/A/X/T;Asfalto;-;-;-;-;-;-;-;-;-;-;-;-;-;-;-;PA2021-4223;-;-;-;PA2021-4223;-;-;-;AP-2;Classe II;2ª;4C;NPA;7;PA2023-10.674;-;PA2023-10.674;-;-;-;-;X;-
SBPK;RS0005;JOÃO SIMÕES LOPES NETO;PELOTAS;RS;31° 42' 58'' S;52° 19' 52'' W;18 m;VFR Diurno/Noturno e IFR Diurno/Noturno;RNS;INTL PAX/CARGA; 07/25;1823 m;42 m;PCR 370/R/C/W/T;Concreto;-;-;-;-;-;-;-;-;-;-;-;-;-;-;-;PA2017-3710;-;-;-;PA2017-3710;-;-;-;AP-1;Classe I;2ª;3C;NPA;5;PA2025-16.875;PA2025-16.875;PA2025-16.875;PA2025-16.875;-;-;-;;-
SBPL;PE0002;AEROPORTO INTERNACIONAL SENADOR NILO COELHO;PETROLINA;PE;9° 22' 3'' S;40° 33' 49'' W;384 m;VFR Diurno/Noturno e IFR Diurno/Noturno;RS;INTL CARGA; 13/31;3250 m;45 m;PCR 590/F/A/X/T;Asfalto;-;-;-;-;-;-;-;-;-;-;-;-;-;-;-;PA2021-6650;-;-;-;PA2021-6650;-;-;-;AP-1;Classe II;2ª;4C;NPA;6;PA2023-10.642;-;PA2023-10.642;-;-;-;-;;-
SDPE;TO0003;PORTO NACIONAL;PORTO NACIONAL;TO;10° 43' 5'' S;48° 23' 56'' W;270 m;VFR Diurno;-;-; 05/23;1700 m;30 m;PCN 27/F/B/X/T;Asfalto;-;-;-;-;-;-;-;-;-;-;-;-;-;-;-;PA2023-11.026;-;-;-;PA2023-11.026;-;-;-;AP-0;Classe I;4ª;-;-;0;-;-;-;-;-;-;-;X;-
SBPP;MS0005;PONTA PORÃ;PONTA PORÃ;MS;22° 32' 59'' S;55° 42' 11'' W;657 m;VFR Diurno e IFR Diurno/Noturno;RNS;INTL PAX/CARGA; 04/22;2000 m;45 m;PCR 380/F/A/X/T;Asfalto;-;-;-;-;-;-;-;-;-;-;-;-;-;-;-;PA2023-11.426;-;-;-;PA2023-11.426;-;-;-;AP-1;Classe I;3ª;3C;NPA;0;PA2024-15.784;PA2024-15.784;PA2024-15.784;PA2024-15.784;-;-;-;;-
SBNV;GO0002;AERÓDROMO NACIONAL DE AVIAÇÃO;GOIÂNIA;GO;16° 37' 32'' S;49° 20' 58'' W;824 m;VFR Diurno/Noturno;-;-; 14/32;1330 m;22 m;PCN 8/F/B/Y/T;Asfalto;-;-;-;-;-;-;-;-;-;-;-;-;-;-;-;PA2019-0537;-;-;-;PA2019-0537;-;-;-;AP-0;Classe I;-;-;-;0;-;-;-;-;Proibição de operações na pista de pouso e decolagem do aeródromo concomitantes à execução de obras e serviços de manutenção dentro da faixa de pista da pista de pouso e decolagem.;PA2019-3988;PA2019-3988;;-
SBPS;BA0002;PORTO SEGURO;PORTO SEGURO;BA;16° 26' 17'' S;39° 4' 40'' W;51 m;VFR Diurno/Noturno e IFR Diurno/Noturno;RS;INTL PAX; 10/28;2000 m;45 m;PCN 55/F/B/X/T;Asfalto;-;-;-;-;-;-;-;-;-;-;-;-;-;-;-;PA2022-8566;-;-;-;PA2022-8566;-;-;-;AP-2;Classe III;2ª;4C;"NPA(10;28)";7;PA2025-16.406;-;PA2025-16.406;-;-;-;-;;-
SBPV;RO0001;GOVERNADOR JORGE TEIXEIRA DE OLIVEIRA;PORTO VELHO;RO;8° 42' 49'' S;63° 54' 10'' W;90 m;VFR Diurno/Noturno e IFR Diurno/Noturno;AS;INTL PAX/CARGA; 01/19;2400 m;45 m;PCN 64/F/A/X/T;Asfalto;-;-;-;-;-;-;-;-;-;-;-;-;-;-;-;PA2022-7087;-;-;-;PA2022-7087;-;-;-;AP-1;Classe II;2ª;4C;"NPA(01;19)";7;PA2025-16.803;-;PA2025-16.803;-;-;-;-;X;-
SBRB;AC0001;PLÁCIDO DE CASTRO;RIO BRANCO;AC;9° 52' 6'' S;67° 53' 53'' W;193 m;VFR Diurno/Noturno e IFR Diurno/Noturno;RNS/AS;INTL PAX; 06/24;2158 m;45 m;PCR 720/F/C/X/T;Asfalto;-;-;-;-;-;-;-;-;-;-;-;-;-;-;-;PA2018-2577;-;-;-;PA2018-2577;-;-;-;AP-1;Classe II;2ª;4C;NPA;6;PA2025-16.857;-;PA2025-16.857;-;-;-;-;X;-
SBRD;MT0004;RONDONÓPOLIS - MAESTRO MARINHO FRANCO;RONDONÓPOLIS;MT;16° 35' 17'' S;54° 43' 18'' W;447 m;VFR Diurno/Noturno e IFR Diurno/Noturno;-;-; 02/20;1850 m;30 m;PCN 40/F/C/X/T;Asfalto;-;-;-;-;-;-;-;-;-;-;-;-;-;-;-;PA2018-3190;-;-;-;PA2018-3190;-;-;-;AP-1;Classe I;3ª;3C;NPA;0;PA2021-6533;-;PA2021-6533;-;-;-;-;X;-
SBRF;PE0001;AEROPORTO INTERNACIONAL RECIFE/GUARARAPES - GILBERTO FREYRE;RECIFE;PE;8° 7' 35'' S;34° 55' 22'' W;10 m;VFR Diurno/Noturno e IFR Diurno/Noturno;RS;INTL PAX/CARGA; 18/36;2937 m;45 m;PCR 850/F/A/X/T;Asfalto;-;-;-;-;-;-;-;-;-;-;-;-;-;-;-;PA2023-12.702;-;-;-;PA2023-12.702;-;-;-;AP-3;Classe IV;1ª;4E;PA1(18) / NPA(36);9;PA2022-7387;PA2022-7387;PA2022-7387;PA2022-7387;-;-;-;;-
SBRJ;RJ0002;SANTOS DUMONT;RIO DE JANEIRO;RJ;22° 54' 36'' S;43° 9' 45'' W;3 m;VFR Diurno/Noturno e IFR Diurno/Noturno;-;-; 2R/20L;1323 m;42 m;PCN 65/F/A/W/T;Asfalto; 2L/20R;1260 m;30 m;PCN 39/F/B/X/T;Asfalto;-;-;-;-;-;-;-;-;-;-;PA2014-1562;-;-;-;PA2014-1562;-;-;-;AP-3;Classe IV;1ª;"4C (02R/20L); 3C (02L/20R)";"NPA(02R;20L) / NINST(02L;20R)";7;PA2022-8781;-;PA2022-8781;-;-;-;-;;-
SBRP;SP0004;LEITE LOPES;RIBEIRÃO PRETO;SP;21° 8' 11'' S;47° 46' 36'' W;550 m;VFR Diurno/Noturno e IFR Diurno/Noturno;-;-; 18/36;2100 m;45 m;PCN 54/F/A/X/T;Asfalto;-;-;-;-;-;-;-;-;-;-;-;-;-;-;-;PA2022-10.032;0;0;-;PA2022-10.032;;;-;AP-2;Classe II;2ª;-;-;6;-;-;-;-;-;-;-;;-
SBSG;RN0001;AEROPORTO INTERNACIONAL DO RIO GRANDE DO NORTE / SÃO GONÇALO DO AMARANTE - GOVERNADOR ALUIZIO ALVES;NATAL;RN;5° 46' 8'' S;35° 21' 59'' W;83 m;VFR Diurno/Noturno e IFR Diurno/Noturno;RS;INTL PAX/CARGA; 12/30;3000 m;60 m;PCR 570/F/C/X/T;Asfalto;-;-;-;-;-;-;-;-;-;-;-;-;-;-;-;PA2014-1256;-;-;-;PA2014-1256;-;-;-;AP-2;Classe III;1ª (*);4E;PA1(12) / NPA(30);7;PA2025-16.416;PA2023-13.670;PA2025-16.416;PA2023-13.670;-;-;-;;-
SBSJ;SP0008;PROFESSOR URBANO ERNESTO STUMPF;SÃO JOSÉ DOS CAMPOS;SP;23° 13' 44'' S;45° 52' 16'' W;647 m;VFR Diurno/Noturno e IFR Diurno/Noturno;RNS/AS;"INTL CARGA
INTL ALT PAX/CARGA"; 16/34;2675 m;45 m;PCR 320/F/B/X/T;Asfalto;-;-;-;-;-;-;-;-;-;-;-;-;-;-;-;PA2018-3263;-;-;-;PA2018-3263;-;-;-;AP-1;Classe I;2ª;4D;PA1(16) / NPA(34);5;PA2025-16.876;PA2025-16.876;PA2025-16.876;PA2025-16.876;-;-;-;;-
SBSL;MA0001;MARECHAL CUNHA MACHADO;SÃO LUÍS;MA;2° 35' 13'' S;44° 14' 10'' W;54 m;VFR Diurno/Noturno e IFR Diurno/Noturno;AS;INTL PAX/CARGA; 06/24;2385 m;45 m;PCR 480/F/A/X/T;Asfalto;-;-;-;-;-;-;-;-;-;-;-;-;-;-;-;PA2015-2239;-;-;-;PA2015-2239;-;-;-;AP-2;Classe III;1ª;4C;PA1(06) / NPA(24);7;PA2023-10.820;-;PA2023-10.820;-;-;-;-;X;-
SBSM;RS0003;SANTA MARIA;SANTA MARIA;RS;29° 42' 39'' S;53° 41' 32'' W;88 m;VFR Diurno/Noturno e IFR Diurno/Noturno;-;-; 11/29;2694 m;45 m;PCN 20/R/B/X/T;Concreto; 02/20;1505 m;30 m;PCN 10/F/C/Y/U;Asfalto;-;-;-;-;-;-;-;-;-;-;PA2023-12.001;-;-;-;PA2023-12.001;-;-;-;AP-1;Classe I;2ª;-;-;0;-;-;-;-;-;-;-;;-
SBSN;PA0002;MAESTRO WILSON FONSECA;SANTARÉM;PA;2° 25' 29'' S;54° 47' 9'' W;60 m;VFR Diurno/Noturno e IFR Diurno/Noturno;AS;INTL PAX/CARGA; 10/28;2400 m;45 m;PCN 48/F/A/W/T;Asfalto;-;-;-;-;-;-;-;-;-;-;-;-;-;-;-;PA2020-2416;-;-;-;PA2020-2416;-;-;-;AP-1;Classe II;2ª;4C;NPA;6;PA2024-15.881;-;PA2024-15.881;-;-;-;-;X;-
SBSP;SP0001;SÃO PAULO/CONGONHAS - DEPUTADO FREITAS NOBRE;SÃO PAULO;SP;23° 37' 34'' S;46° 39' 23'' W;802 m;VFR Diurno/Noturno e IFR Diurno/Noturno;RNS;INTL (restrito); 17R/35L;1883 m;45 m;PCR 590/F/C/X/T;Asfalto; 17L/35R;1495 m;45 m;PCR 270/F/A/X/T;Asfalto;-;-;-;-;-;-;-;-;-;-;PA2023-11.630;-;-;-;PA2023-11.630;-;-;-;AP-3;Classe IV;1ª;"4C(17R/35L); 2B(17L/35R)";"PA1(17R;35L) / NPA(17L;35R)";7;PA2024-15.691;PA2024-15.691;PA2024-15.691;PA2024-15.691;-;-;-;;-
SBSR;SP0006;PROFESSOR ERIBELTO MANOEL REINO;SÃO JOSÉ DO RIO PRETO;SP;20° 49' 2'' S;49° 24' 25'' W;544 m;VFR Diurno/Noturno e IFR Diurno/Noturno;RNS;INTL (restrito); 07/25;1640 m;35 m;PCN 35/F/B/X/T;Asfalto;-;-;-;-;-;-;-;-;-;-;-;-;-;-;-;PA2025-16.907;-;-;-;PA2025-16.907;-;-;-;AP-2;Classe II;2ª;-;-;6;-;-;-;-;"I - fica proibida a realização de operações de serviço de transporte aéreo de passageiro regidas pelo RBAC nº 121, de aeronaves de categoria 4C, acima do limite de frequências semanais de aeronaves constante da Tabela 1 do Anexo, até 28 de março de 2026; II - fica proibida a realização de operações de serviço de transporte aéreo de passageiro regidas pelo RBAC nº 121 de aeronaves de categoria 4C, a partir de 29 de março de 2026; III - ficam proibidas as operações noturnas de pouso em pista com PAPI inexistente ou inoperante;";PA2025-17.993;PA2025-17.993;;Portaria SIA n° 19.047/2026 designa como internacional, pelo período de 3 de abril a 28 de maio de 2026
SBSV;BA0001;DEPUTADO LUÍS EDUARDO MAGALHÃES;SALVADOR;BA;12° 54' 31'' S;38° 19' 21'' W;20 m;VFR Diurno/Noturno e IFR Diurno/Noturno;RS;INTL PAX/CARGA; 10/28;3003 m;45 m;PCR 870/F/B/X/T;Asfalto; 17/35;1518 m;45 m;PCR 540/F/B/X/T;Asfalto;-;-;-;-;-;-;-;-;-;-;PA2014-1258;-;-;-;PA2014-1258;-;-;-;AP-3;Classe IV;1ª;4E;"PA1(10;28) / NINST(17;35)";9;PA2018-3870;-;PA2018-3870;-;-;-;-;;-
SBTB;PA0012;TROMBETAS;ORIXIMINÁ;PA;1° 29' 23'' S;56° 23' 49'' W;51 m;VFR Diurno/Noturno e IFR Diurno/Noturno;-;-; 09/27;1600 m;30 m;PCN 26/F/A/X/T;Asfalto;-;-;-;-;-;-;-;-;-;-;-;-;-;-;-;PA2021-4771;-;-;-;PA2021-4771;-;-;-;AP-1;Classe I;-;-;-;5;-;-;-;-;-;-;-;X;-
SBTD;PR0008;LUIZ DALCANALE FILHO;TOLEDO;PR;24° 41' 7'' S;53° 41' 47'' W;562 m;VFR Diurno/Noturno e IFR Diurno/Noturno;-;-; 02/20;1670 m;30 m;PCN 33/F/C/X/U;Asfalto;-;-;-;-;-;-;-;-;-;-;-;-;-;-;-;PA2018-3681;-;-;-;PA2018-3681;-;-;-;AP-0;Classe I;4ª;2C;NPA;0;PA2019-3975;PA2023-12.761;PA2019-3975;PA2023-12.761;-;-;-;;-
SBTE;PI0001;SENADOR PETRÔNIO PORTELLA;TERESINA;PI;5° 3' 38'' S;42° 49' 28'' W;67 m;VFR Diurno/Noturno e IFR Diurno/Noturno;-;-; 02/20;2118 m;45 m;PCN 59/F/A/X/T;Asfalto;-;-;-;-;-;-;-;-;-;-;-;-;-;-;-;PA2015-0532;-;-;-;PA2015-0532;-;-;-;AP-2;Classe III;2ª;4C;NPA;7;PA2023-10.818;-;PA2023-10.818;-;-;-;-;;-
SBTF;AM0004;PREFEITO ORLANDO MARINHO;TEFÉ;AM;3° 22' 49'' S;64° 43' 31'' W;57 m;VFR Diurno/Noturno e IFR Diurno/Noturno;-;-; 15/33;2000 m;45 m;PCR 360/F/C/X/T;Asfalto;-;-;-;-;-;-;-;-;-;-;-;-;-;-;-;PA2022-9830;-;-;-;PA2022-9830;-;-;-;AP-1;Classe I;2ª;3C;NPA;5;PA2025-17.697;-;PA2025-17.697;-;-;-;-;X;-
SBTG;MS0006;TRÊS LAGOAS;TRÊS LAGOAS;MS;20° 45' 5'' S;51° 40' 49'' W;323 m;VFR Diurno/Noturno;-;-; 07/25;2000 m;30 m;PCN 33/F/B/X/T;Asfalto;-;-;-;-;-;-;-;-;-;-;-;-;-;-;-;PA2022-9621;-;-;-;PA2022-9621;-;-;-;AP-1;Classe I;3ª;-;-;0;-;-;-;-;-;-;-;;-
SBTK;AC0004;TARAUACÁ;TARAUACÁ;AC;8° 9' 19'' S;70° 46' 59'' W;192 m;VFR Diurno;-;-; 15/33;1200 m;22 m;5700 kg / 0,5 MPa;Asfalto;-;-;-;-;-;-;-;-;-;-;-;-;-;-;-;PA2023-12.151;-;-;-;PA2023-12.151;-;-;-;AP-0;Classe I;-;-;-;0;-;-;-;-;-;-;-;X;-
SSTE;RS0011;TORRES;TORRES;RS;29° 24' 54'' S;49° 48' 36'' W;9 m;VFR Diurno/Noturno;-;-; 06/24;1507 m;30 m;PCN 32/F/B/X/T;Asfalto;-;-;-;-;-;-;-;-;-;-;-;-;-;-;-;PA2020-2977;-;-;-;PA2020-2977;-;-;-;AP-0;Classe I;-;-;-;0;-;-;-;-;-;-;-;;Portaria SIA n° 15.502/2024 torna pública a revogação da medida administrativa cautelar ao aeródromo público de Torres, Código Identificador de Aeródromo - CIAD RS0011, indicador de localidade OACI SSTE, localizado em Torres/RS.
SBTT;AM0005;TABATINGA;TABATINGA;AM;4° 15' 2'' S;69° 56' 16'' W;80 m;VFR Diurno/Noturno e IFR Diurno/Noturno;RNS/AS;INTL PAX/CARGA; 12/30;2150 m;33 m;PCR 330/F/A/X/T;Asfalto;-;-;-;-;-;-;-;-;-;-;-;-;-;-;-;PA2021-4744;-;-;-;PA2021-4744;-;-;-;AP-1;Classe I;2ª;-;-;5;-;-;-;-;-;-;-;X;-
SBTU;PA0007;TUCURUÍ;TUCURUÍ;PA;3° 46' 37'' S;49° 43' 11'' W;253 m;VFR Diurno/Noturno e IFR Diurno/Noturno;-;-; 02/20;2000 m;45 m;PCN 33/F/C/X/U;Asfalto;-;-;-;-;-;-;-;-;-;-;-;-;-;-;-;PA2016-1885;-;-;-;PA2016-1885;-;-;-;AP-1;Classe I;-;-;-;0;-;-;-;-;-;-;-;X;-
SBUA;AM0003;SÃO GABRIEL DA CACHOEIRA;SÃO GABRIEL DA CACHOEIRA;AM;0° 8' 53'' S;66° 59' 9'' W;76 m;VFR Diurno e IFR Diurno;-;-; 05/23;2600 m;45 m;PCR 280/F/C/X/T;Asfalto;-;-;-;-;-;-;-;-;-;-;-;-;-;-;-;PA2020-1183;-;-;-;PA2020-1183;-;-;-;AP-1;Classe I;-;-;-;5;PA2024-15.016;PA2023-12.082;PA2024-15.016;PA2023-12.082;Proibição de aumento de frequências de operações de serviço de transporte aéreo de passageiros regidas pelo RBAC nº 121, acima do limite de 3 (três) frequências semanais ao aeródromo público de São Gabriel da Cachoeira, Código Identificador de Aeródromo - CIAD AM0003, indicador de localidade OACI SBUA, localizado em São Gabriel da Cachoeira (AM).;PA2026-18.571;PA2026-18.571;X;-
SBUF;BA0007;PAULO AFONSO;PAULO AFONSO;BA;9° 24' 4'' S;38° 15' 4'' W;269 m;VFR Diurno/Noturno;-;-; 14/32;1800 m;45 m;PCR 120/F/A/X/T;Asfalto;-;-;-;-;-;-;-;-;-;-;-;-;-;-;-;PA2015-2868;-;-;-;PA2015-2868;-;-;-;AP-0;Classe I;3ª;-;-;0;-;-;-;-;-;-;-;;-
SBUG;RS0012;RUBEM BERTA;URUGUAIANA;RS;29° 47' 0'' S;57° 2' 13'' W;78 m;VFR Diurno/Noturno e IFR Diurno/Noturno;-;-; 10/28;1304 m;30 m;PCN 14/F/C/X/T;Asfalto;-;-;-;-;-;-;-;-;-;-;-;-;-;-;-;PA2015-0388;-;-;-;PA2015-0388;-;-;-;AP-1;Classe I;2ª;-;-;0;-;-;-;-;-;-;-;;-
SBUL;MG0002;TEN CEL AVIADOR CÉSAR BOMBONATO;UBERLÂNDIA;MG;18° 53' 1'' S;48° 13' 31'' W;943 m;VFR Diurno/Noturno e IFR Diurno/Noturno;-;-; 04/22;2100 m;45 m;PCR 500/F/A/X/T;Asfalto;-;-;-;-;-;-;-;-;-;-;-;-;-;-;-;PA2023-12.815;-;-;-;PA2023-12.815;-;-;-;AP-2;Classe III;2ª;4C;PA1(04) / NPA(22);7;PA2024-15.597;PA2024-15.597;PA2024-15.597;PA2024-15.597;-;-;-;;-
SBUR;MG0009;MARIO DE ALMEIDA FRANCO;UBERABA;MG;19° 45' 53'' S;47° 57' 58'' W;809 m;VFR Diurno/Noturno e IFR Diurno/Noturno;-;-; 17/35;1759 m;45 m;PCR 480/F/A/X/T;Asfalto;-;-;-;-;-;-;-;-;-;-;-;-;-;-;-;PA2023-12.696;-;-;-;PA2023-12.696;-;-;-;AP-1;Classe I;2ª;-;-;0;-;-;-;-;-;-;-;;-
SBVG;MG0019;MAJOR BRIGADEIRO TROMPOWSKY;VARGINHA;MG;21° 35' 20'' S;45° 28' 24'' W;922 m;VFR Diurno e IFR Diurno/Noturno;-;-; 04/22;2100 m;30 m;PCN 26/F/A/Y/T;Asfalto;-;-;-;-;-;-;-;-;-;-;-;-;-;-;-;PA2017-3825;-;-;-;PA2017-3825;-;-;-;AP-1;Classe I;4ª;-;-;3;-;-;-;-;-;-;-;;-
SBVH;RO0003;VILHENA;VILHENA;RO;12° 41' 40'' S;60° 5' 54'' W;615 m;VFR Diurno/Noturno e IFR Diurno/Noturno;-;-; 03/21;2600 m;30 m;PCN 30/F/A/X/T;Asfalto;-;-;-;-;-;-;-;-;-;-;-;-;-;-;-;PA2023-10.933;-;-;-;PA2023-10.933;-;-;-;AP-1;Classe I;4ª;-;-;0;-;-;-;-;-;-;-;X;-
SBVT;ES0001;EURICO DE AGUIAR SALLES;VITÓRIA;ES;20° 15' 29'' S;40° 17' 11'' W;3 m;VFR Diurno/Noturno e IFR Diurno/Noturno;RS;INTL CARGA; 06/24;1750 m;45 m;PCR 580/F/A/X/T;Asfalto; 02/20;2058 m;45 m;PCN 86/F/B/X/T;Asfalto;-;-;-;-;-;-;-;-;-;-;PA2024-13.827;-;-;-;PA2024-13.827;-;-;-;AP-2;Classe III;2ª;4D;"NPA(02;20;06) / PA1(24)";7;PA2021-6883;-;PA2021-6883;-;-;-;-;;-
SBZM;MG0006;PRESIDENTE ITAMAR FRANCO;GOIANÁ;MG;21° 30' 47'' S;43° 10' 23'' W;412 m;VFR Diurno e IFR Diurno/Noturno;-;-; 08/26;2525 m;45 m;PCN 66/F/B/X/T;Asfalto;-;-;-;-;-;-;-;-;-;-;-;-;-;-;-;PA2022-7114;-;-;-;PA2022-7114;-;-;-;AP-1;Classe I;2ª;4C;NPA;5;PA2020-1188;-;PA2020-1188;-;-;-;-;;-
SDAA;SP0045;ARARAS;ARARAS;SP;22° 20' 13'' S;47° 21' 30'' W;685 m;VFR Diurno;-;-; 12/30;1150 m;30 m;PCN 21/F/B/X/T;Asfalto;-;-;-;-;-;-;-;-;-;-;-;-;-;-;-;PA2020-1744;-;-;-;PA2020-1744;-;-;-;AP-0;Classe I;-;-;-;0;-;-;-;-;Proibição de operações de pouso, exceto no caso de operações de emergência médica ou de transporte de valores realizadas mediante prévia coordenação com o Operador do Aeródromo.;PA2025-18.532;PA2025-18.532;;-
SDAD;SP0046;EVERALDO MORAES BARRETO;ADAMANTINA;SP;21° 41' 46'' S;51° 5' 47'' W;425 m;VFR Diurno;-;-; 09/27;1240 m;18 m;5000 kg / 0,5 MPa;Asfalto;-;-;-;-;-;-;-;-;-;-;-;-;-;-;-;PA2020-1086;-;-;-;PA2020-1086;-;-;-;AP-0;Classe I;-;-;-;0;-;-;-;-;-;-;-;;-
SDAG;RJ0010;ANGRA DOS REIS;ANGRA DOS REIS;RJ;22° 58' 31'' S;44° 18' 26'' W;3 m;VFR Diurno;-;-; 10/28;913 m;30 m;PCN 14/F/B/Y/T;Asfalto;-;-;-;-;-;-;-;-;-;-;-;-;-;-;-;PA2018-2842;-;-;-;PA2018-2842;-;-;-;AP-0;Classe I;4ª;-;-;0;-;-;-;-;-;-;-;;-
SDAI;SP0047;AMERICANA;AMERICANA;SP;22° 45' 19'' S;47° 16' 5'' W;611 m;VFR Diurno/Noturno;-;-; 12/30;1100 m;18 m;PCN 9/F/B/X/T;Asfalto;-;-;-;-;-;-;-;-;-;-;-;-;-;-;-;PA2017-0097;-;-;-;PA2017-0097;-;-;-;AP-0;Classe I;-;-;-;0;-;-;-;-;-;-;-;;-
SDAM;SP0037;ESTADUAL DE CAMPOS DOS AMARAIS - PREFEITO FRANCISCO AMARAL;CAMPINAS;SP;22° 51' 33'' S;47° 6' 29'' W;612 m;VFR Diurno/Noturno;-;-; 16/34;1650 m;30 m;PCN 25/F/A/X/T;Asfalto;-;-;-;-;-;-;-;-;-;-;-;-;-;-;-;PA2018-3803;-;-;-;PA2018-3803;-;-;-;AP-0;Classe I;4ª;-;-;0;-;-;-;-;-;-;-;;-
SDAE;SP0053;SÃO PEDRO;SÃO PEDRO;SP;22° 35' 1'' S;47° 53' 46'' W;566 m;VFR Diurno;-;-; 14/32;1000 m;25 m;5600 kg / 0,5 MPa;Terra;-;-;-;-;-;-;-;-;-;-;-;-;-;-;-;PA2020-1021;-;-;-;PA2020-1021;-;-;-;AP-0;Classe I;-;-;-;0;-;-;-;-;Proibição de operações de pouso no aeródromo em referência.;PA2024-15.656;PA2024-15.656;;-
SDBB;SP0018;BEBEDOURO;BEBEDOURO;SP;20° 54' 1'' S;48° 28' 25'' W;592 m;VFR Diurno;-;-; 13/31;1500 m;23 m;PCN 15/F/A/X/T;Asfalto;-;-;-;-;-;-;-;-;-;-;-;-;-;-;-;PA2024-13.651;-;-;-;PA2024-13.651;-;-;-;AP-0;Classe I;-;-;-;0;-;-;-;-;-;-;-;;-
SDBK;SP0019;JOSÉ CARLOS DE BARROS NEIVA;BOTUCATU;SP;22° 56' 16'' S;48° 28' 5'' W;888 m;VFR Diurno/Noturno;-;-; 01/19;1500 m;30 m;PCN 40/F/A/X/T;Asfalto;-;-;-;-;-;-;-;-;-;-;-;-;-;-;-;PA2026-19.097;-;-;-;PA2026-19.097;-;-;-;AP-0;Classe I;4ª;-;-;0;-;-;-;-;-;-;-;;-
SDBY;SP0032;BARIRI;BARIRI;SP;22° 4' 9'' S;48° 42' 23'' W;493 m;VFR Diurno;-;-; 11/29;1470 m;30 m;5600 kg / 0,5 MPa;Terra;-;-;-;-;-;-;-;-;-;-;-;-;-;-;-;PA2020-1303;-;-;-;PA2020-1303;-;-;-;AP-0;Classe I;-;-;-;0;-;-;-;-;Proibição de operações de pouso.;PA2024-15.935;PA2024-15.935;;-
SDCA;SP0051;CAPÃO BONITO;CAPÃO BONITO;SP;24° 2' 1'' S;48° 21' 25'' W;714 m;VFR Diurno;-;-; 16/34;1360 m;20 m;PCN 10/F/C/Y/U;Asfalto;-;-;-;-;-;-;-;-;-;-;-;-;-;-;-;PA2018-2893;-;-;-;PA2018-2893;-;-;-;AP-0;Classe I;-;-;-;0;-;-;-;-;Interditado;PA2020-3485;PA2020-3485;;-
SDCO;SP0027;SOROCABA;SOROCABA;SP;23° 28' 40'' S;47° 29' 24'' W;635 m;VFR Diurno/Noturno;RNS;INTL (restrito); 01/19;1630 m;30 m;PCN 36/F/B/X/T;Asfalto;-;-;-;-;-;-;-;-;-;-;-;-;-;-;-;PA2022-7120;-;-;-;PA2022-7120;-;-;-;AP-0;Classe I;3ª;-;-;0;-;-;-;-;-;-;-;;-
SDDN;SP0020;PAULINO RIBEIRO DE ANDRADE;ANDRADINA;SP;20° 55' 30'' S;51° 22' 55'' W;380 m;VFR Diurno/Noturno;-;-; 11/29;1500 m;30 m;PCN 12/F/B/Y/T;Asfalto;-;-;-;-;-;-;-;-;-;-;-;-;-;-;-;PA2022-7344;-;-;-;PA2022-7344;-;-;-;AP-0;Classe I;4ª;-;-;0;-;-;-;-;-;-;-;;-
SDDR;SP0021;DRACENA;DRACENA;SP;21° 27' 38'' S;51° 36' 25'' W;372 m;VFR Diurno/Noturno;-;-; 09/27;1500 m;30 m;PCN 14/F/A/X/T;Asfalto;-;-;-;-;-;-;-;-;-;-;-;-;-;-;-;PA2014-0904;-;-;-;PA2014-0904;-;-;-;AP-0;Classe I;4ª;-;-;0;-;-;-;-;-;-;-;;-
SDEP;SP0052;GERALDO MOACIR BORDON;PRESIDENTE EPITÁCIO;SP;21° 46' 30'' S;52° 8' 37'' W;297 m;VFR Diurno;-;-; 06/24;1345 m;18 m;PCN 8/F/C/Y/U;Asfalto;-;-;-;-;-;-;-;-;-;-;-;-;-;-;-;PA2020-2971;-;-;-;PA2020-2971;-;-;-;AP-0;Classe I;-;-;-;0;-;-;-;-;-;-;-;;-
SDET;SP0067;TIETÊ;TIETÊ;SP;23° 6' 17'' S;47° 43' 28'' W;501 m;VFR Diurno;-;-; 02/20;850 m;30 m;5000 kg / 0,5 MPa;Terra;-;-;-;-;-;-;-;-;-;-;-;-;-;-;-;PA2020-2412;-;-;-;PA2020-2412;-;-;-;AP-0;Classe I;-;-;-;0;-;-;-;-;-;-;-;;-
SDFD;SP0054;CORONEL AVIADOR CARLOS ORLEANS GUIMARÃES;FERNANDÓPOLIS;SP;20° 16' 36'' S;50° 12' 50'' W;499 m;VFR Diurno;-;-; 08/26;1000 m;25 m;PCN 16/F/A/X/T;Asfalto;-;-;-;-;-;-;-;-;-;-;-;-;-;-;-;PA2018-1338;-;-;-;PA2018-1338;-;-;-;AP-0;Classe I;-;-;-;0;-;-;-;-;-;-;-;;-
SDFX;BA0054;CASA NOVA;CASA NOVA;BA;9° 9' 27'' S;40° 56' 15'' W;405 m;VFR Diurno;-;-; 12/30;1129 m;23 m;PCN 10/F/B/Y/U;Asfalto;-;-;-;-;-;-;-;-;-;-;-;-;-;-;-;PA2016-0532;-;-;-;PA2016-0532;-;-;-;AP-0;Classe I;-;-;-;0;-;-;-;-;-;-;-;;-
SDGC;SP0055;GARÇA;GARÇA;SP;22° 11' 1'' S;49° 39' 22'' W;664 m;VFR Diurno;-;-; 01/19;1000 m;30 m;PCN 8/F/C/Y/U;Terra;-;-;-;-;-;-;-;-;-;-;-;-;-;-;-;PA2020-1027;-;-;-;PA2020-1027;-;-;-;AP-0;Classe I;-;-;-;0;-;-;-;-;-;-;-;;-
SDCG;AM0016;SENADORA EUNICE MICHILES;SÃO PAULO DE OLIVENÇA;AM;3° 28' 9'' S;68° 55' 16'' W;102 m;VFR Diurno;-;-; 04/22;1200 m;23 m;PCN 6/R/B/Y/T;Concreto;-;-;-;-;-;-;-;-;-;-;-;-;-;-;-;PA2022-6999;-;-;-;PA2022-6999;-;-;-;AP-1;Classe I;-;-;-;0;-;-;-;-;Proibição de operações de pouso de aeronaves com motores à reação (turbojatos).;PA2021-6306;PA2021-6306;X;-
SDIM;SP0033;DR. ANTONIO RIBEIRO NOGUEIRA JÚNIOR;ITANHAÉM;SP;24° 9' 53'' S;46° 47' 8'' W;3 m;VFR Diurno/Noturno;-;-; 15/33;1350 m;30 m;PCN 31/F/C/X/T;Asfalto;-;-;-;-;-;-;-;-;-;-;-;-;-;-;-;PA2020-2423;-;-;-;PA2020-2423;-;-;-;AP-0;Classe I;4ª;-;-;0;-;-;-;-;-;-;-;;-
SDIV;SP0056;ITUVERAVA;ITUVERAVA;SP;20° 22' 31'' S;47° 46' 7'' W;623 m;VFR Diurno;-;-; 17/35;1350 m;23 m;PCN 13/F/B/Y/T;Asfalto;-;-;-;-;-;-;-;-;-;-;-;-;-;-;-;PA2020-0970;-;-;-;PA2020-0970;-;-;-;AP-0;Classe I;-;-;-;0;-;-;-;-;-;-;-;;-
SDJC;SP0064;JABOTICABAL;JABOTICABAL;SP;21° 13' 51'' S;48° 17' 8'' W;615 m;VFR Diurno;-;-; 07/25;960 m;23 m;5600 kg / 0,5 MPa;Terra;-;-;-;-;-;-;-;-;-;-;-;-;-;-;-;PA2018-1754;-;-;-;PA2018-1754;-;-;-;AP-0;Classe I;-;-;-;0;-;-;-;-;-;-;-;;-
SDJO;SP0057;SÃO JOAQUIM DA BARRA;SÃO JOAQUIM DA BARRA;SP;20° 35' 36'' S;47° 50' 32'' W;650 m;VFR Diurno;-;-; 14/32;1374 m;23 m;PCN 27/F/A/X/T;Asfalto;-;-;-;-;-;-;-;-;-;-;-;-;-;-;-;PA2022-6998;-;-;-;PA2022-6998;-;-;-;AP-0;Classe I;-;-;-;0;-;-;-;-;-;-;-;;-
SDJV;SP0035;MUNICIPAL DE SÃO JOÃO DA BOA VISTA;SÃO JOÃO DA BOA VISTA;SP;22° 1' 4'' S;46° 50' 27'' W;762 m;VFR Diurno/Noturno;-;-; 04/22;1500 m;30 m;PCN 20/F/B/Y/T;Asfalto;-;-;-;-;-;-;-;-;-;-;-;-;-;-;-;PA2026-18.605;-;-;-;PA2026-18.605;-;-;-;AP-0;Classe I;-;-;-;0;-;-;-;-;-;-;-;;-
SDKJ;BA0025;FORMOSA DO RIO PRETO;FORMOSA DO RIO PRETO;BA;11° 1' 16'' S;45° 11' 14'' W;528 m;VFR Diurno;-;-; 14/32;1236 m;18,5 m;PCN 10/F/B/Y/U;Asfalto;-;-;-;-;-;-;-;-;-;-;-;-;-;-;-;PA2021-6271;-;-;-;PA2021-6271;-;-;-;AP-0;Classe I;-;-;-;0;-;-;-;-;-;-;-;;-
SDIG;SP0038;IBITINGA;IBITINGA;SP;21° 44' 50'' S;48° 51' 21'' W;542 m;VFR Diurno;-;-; 13/31;1200 m;18 m;5600 kg / 0,5 MPa;Asfalto;-;-;-;-;-;-;-;-;-;-;-;-;-;-;-;PA2020-1074;-;-;-;PA2020-1074;-;-;-;AP-0;Classe I;-;-;-;0;-;-;-;-;Proibição de operações de aeronaves de asa fixa com motor à reação (turbojato), exceto no caso de operações de emergência médica ou de transporte de valores realizadas mediante prévia coordenação com o Operador do Aeródromo.;PA2021-6149;PA2021-6149;;-
SDLL;SP0048;YOLANDA PENTEADO;LEME;SP;22° 13' 33'' S;47° 22' 51'' W;627 m;VFR Diurno;-;-; 09/27;1332 m;18 m;PCN 7/F/B/X/U;Asfalto;-;-;-;-;-;-;-;-;-;-;-;-;-;-;-;PA2021-4264;-;-;-;PA2021-4264;-;-;-;AP-0;Classe I;-;-;-;0;-;-;-;-;-;-;-;;-
SDLP;SP0034;MUNICIPAL JOSÉ BOSO;LENÇÓIS PAULISTA;SP;22° 34' 42'' S;48° 46' 28'' W;621 m;VFR Diurno/Noturno;-;-; 07/25;1264 m;20 m;PCN 13/F/C/Y/T;Asfalto;-;-;-;-;-;-;-;-;-;-;-;-;-;-;-;PA2018-2894;-;-;-;PA2018-2894;-;-;-;AP-0;Classe I;-;-;-;0;-;-;-;-;-;-;-;;-
SDLY;SP0071;ARMANDO NATALI;MATÃO;SP;21° 37' 27'' S;48° 21' 3'' W;635 m;VFR Diurno;-;-; 16/34;750 m;18 m;5600 kg / 0,5 MPa;Terra;-;-;-;-;-;-;-;-;-;-;-;-;-;-;-;PA2020-1919;-;-;-;PA2020-1919;-;-;-;AP-0;Classe I;-;-;-;0;-;-;-;-;-;-;-;;-
SBMI;RJ0009;MARICÁ;MARICÁ;RJ;22° 55' 5'' S;42° 49' 44'' W;2 m;VFR Diurno/Noturno;-;-; 09/27;1190 m;30 m;PCN 13/F/A/X/T;Asfalto;-;-;-;-;-;-;-;-;-;-;-;-;-;-;-;PA2019-0538;-;-;-;PA2019-0538;-;-;-;AP-1;Classe I;-;-;-;3;-;-;-;-;Proibidas operações noturnas nas Pistas de Táxi B e C e no Pátio 3. Proibidas operações com aeronaves de asa fixa nas Pistas de Táxi B e C e no Pátio 3.;PA2019-0538;PA2019-0538;;-
SDKK;SP0058;MOCOCA;MOCOCA;SP;21° 29' 14'' S;47° 2' 2'' W;651 m;VFR Diurno;-;-; 04/22;1000 m;30 m;PCN 8/F/C/Y/U;Terra;-;-;-;-;-;-;-;-;-;-;-;-;-;-;-;PA2022-6996;-;-;-;PA2022-6996;-;-;-;AP-0;Classe I;-;-;-;0;-;-;-;-;-;-;-;;Portaria n° 11887 torna pública a revogação da medida cautelar de proibição das operações de pouso na pista de pouso e decolagem
SDMJ;SP0022;MOGI MIRIM;MOGI MIRIM;SP;22° 24' 39'' S;46° 54' 20'' W;695 m;VFR Diurno;-;-; 12/30;1500 m;30 m;5600 kg / 0,5 MPa;Terra;-;-;-;-;-;-;-;-;-;-;-;-;-;-;-;PA2021-5744;-;-;-;PA2021-5744;-;-;-;AP-0;Classe I;-;-;-;0;-;-;-;-;-;-;-;;-
SDMO;SP0068;MONTE ALTO;MONTE ALTO;SP;21° 15' 29'' S;48° 31' 27'' W;750 m;VFR Diurno;-;-; 17/35;850 m;20 m;5600 kg / 0,5 MPa;Terra;-;-;-;-;-;-;-;-;-;-;-;-;-;-;-;PA2020-3475;-;-;-;PA2020-3475;-;-;-;AP-0;Classe I;-;-;-;0;-;-;-;-;-;-;-;;-
SDNH;SP0060;NOVO HORIZONTE;NOVO HORIZONTE;SP;21° 29' 52'' S;49° 14' 4'' W;465 m;VFR Diurno;-;-; 13/31;1000 m;20 m;5700 kg / 0,5 MPa;Cascalho;-;-;-;-;-;-;-;-;-;-;-;-;-;-;-;PA2016-1523;-;-;-;PA2016-1523;-;-;-;AP-0;Classe I;-;-;-;0;-;-;-;-;-;-;-;;-
SDNM;MT0047;BRIGADEIRO EDUARDO GOMES;NOVA MUTUM;MT;13° 49' 16'' S;56° 2' 19'' W;430 m;VFR Diurno;-;-; 05/23;1541 m;24 m;PCN 18/F/B/Y/U;Asfalto;-;-;-;-;-;-;-;-;-;-;-;-;-;-;-;PA2021-6214;-;-;-;PA2021-6214;-;-;-;AP-0;Classe I;-;-;-;0;-;-;-;-;-;-;-;X;-
SDNO;SP0061;NELSON GARÓFALO;SÃO MANUEL;SP;22° 41' 46'' S;48° 34' 34'' W;734 m;VFR Diurno/Noturno;-;-; 14/32;1000 m;20 m;PCN 13/F/C/Y/U;Asfalto;-;-;-;-;-;-;-;-;-;-;-;-;-;-;-;PA2020-2976;-;-;-;PA2020-2976;-;-;-;AP-0;Classe I;4ª;-;-;0;-;-;-;-;-;-;-;;-
SDOU;SP0023;JORNALISTA BENEDITO PIMENTEL;OURINHOS;SP;22° 58' 25'' S;49° 54' 41'' W;462 m;VFR Diurno/Noturno;-;-; 16/34;1500 m;30 m;PCN 15/F/B/X/T;Asfalto;-;-;-;-;-;-;-;-;-;-;-;-;-;-;-;PA2020-0978;-;-;-;PA2020-0978;-;-;-;AP-0;Classe I;4ª;-;-;0;-;-;-;-;-;-;-;;-
SDMH;SP0059;MIRASSOL;MIRASSOL;SP;20° 48' 26'' S;49° 29' 10'' W;584 m;VFR Diurno;-;-; 07/25;1000 m;30 m;PCN 8/F/C/Y/U;Terra;-;-;-;-;-;-;-;-;-;-;-;-;-;-;-;PA2014-3150;-;-;-;PA2014-3150;-;-;-;AP-0;Classe I;-;-;-;0;-;-;-;-;Interditado;PA2021-4897;PA2021-4897;;Suspensos os efeitos da Portaria 905/SIA, de 10/04/2014, pela decisão liminar deferida pelo juízo da 3ª Vara Federal de São José do Rio Preto - SP, nos autos do Processo judicial n.º 0002612-13.2014.4.03.6106,  proposta pela Associação Pró-Aeroporto de Mirassol (APROAMI), em face da União e outros.
SDOV;GO0005;MOZARLÂNDIA;MOZARLÂNDIA;GO;14° 46' 8'' S;50° 33' 54'' W;328 m;VFR Diurno;-;-; 17/35;1500 m;30 m;PCN 20/F/B/Y/T;Asfalto;-;-;-;-;-;-;-;-;-;-;-;-;-;-;-;PA2020-0972;-;-;-;PA2020-0972;-;-;-;AP-0;Classe I;-;-;-;0;-;-;-;-;-;-;-;;Portaria n° 13182 torna pública a revogação da medida cautelar de proibição de operações de pouso, aplicada por meio da Decisão sobre Medida Cautelar nº 18/2020/GFIC/SIA, de 01 de abril de 2020, ao aeródromo público Mozarlândia, CIAD GO0005 código OACI SDOV, localizado em Mozarlândia/GO.
SDPD;SP0072;PINDAMONHANGABA;PINDAMONHANGABA;SP;22° 56' 38'' S;45° 25' 55'' W;574 m;VFR Diurno;-;-; 06/24;750 m;30 m;5600 kg / 0,5 MPa;Terra;-;-;-;-;-;-;-;-;-;-;-;-;-;-;-;PA2020-2410;-;-;-;PA2020-2410;-;-;-;AP-0;Classe I;-;-;-;0;-;-;-;-;-;-;-;;-
SDPN;SP0024;PENÁPOLIS;PENÁPOLIS;SP;21° 24' 36'' S;50° 2' 1'' W;412 m;VFR Diurno/Noturno;-;-; 15/33;1500 m;30 m;PCN 27/F/A/X/T;Asfalto;-;-;-;-;-;-;-;-;-;-;-;-;-;-;-;PA2023-10.221;-;-;-;PA2023-10.221;-;-;-;AP-0;Classe I;4ª;-;-;0;-;-;-;-;-;-;-;;-
SDPV;SP0040;PRESIDENTE VENCESLAU;PRESIDENTE VENCESLAU;SP;21° 53' 36'' S;51° 53' 4'' W;445 m;VFR Diurno;-;-; 14/32;1200 m;30 m;5700 kg / 0,5 MPa;Terra;-;-;-;-;-;-;-;-;-;-;-;-;-;-;-;PA2020-1924;-;-;-;PA2020-1924;-;-;-;AP-0;Classe I;-;-;-;0;-;-;-;-;-;-;-;;-
SDPW;SP0041;PEDRO MORGANTI;PIRACICABA;SP;22° 42' 43'' S;47° 37' 5'' W;584 m;VFR Diurno/Noturno;-;-; 17/35;1200 m;30 m;PCN 21/F/A/X/T;Asfalto;-;-;-;-;-;-;-;-;-;-;-;-;-;-;-;PA2022-7000;-;-;-;PA2022-7000;-;-;-;AP-0;Classe I;4ª;-;-;0;-;-;-;-;-;-;-;;-
SDPY;SP0066;PIRASSUNUNGA;PIRASSUNUNGA;SP;22° 1' 40'' S;47° 25' 18'' W;683 m;VFR Diurno;-;-; 02/20;860 m;30 m;PCN 8/F/C/Y/U;Terra;-;-;-;-;-;-;-;-;-;-;-;-;-;-;-;PA2020-1565;-;-;-;PA2020-1565;-;-;-;AP-0;Classe I;-;-;-;0;-;-;-;-;-;-;-;;-
SDRK;SP0049;RIO CLARO;RIO CLARO;SP;22° 25' 54'' S;47° 33' 45'' W;600 m;VFR Diurno;-;-; 03/21;1180 m;40 m;5600 kg / 0,5 MPa;Terra;-;-;-;-;-;-;-;-;-;-;4  -;quadrado;21 m x21 m;4,5 t;Grama;PA2018-1635;-;-;-;PA2018-1635;-;-;-;AP-0;Classe I;-;-;-;0;-;-;-;-;-;-;-;;-
SDRR;SP0028;AVARÉ-ARANDU;AVARÉ;SP;23° 5' 32'' S;48° 59' 14'' W;798 m;VFR Diurno/Noturno;-;-; 15/33;1480 m;30 m;PCN 26/F/A/X/T;Asfalto;-;-;-;-;-;-;-;-;-;-;-;-;-;-;-;PA2022-7106;-;-;-;PA2022-7106;-;-;-;AP-0;Classe I;4ª;-;-;0;-;-;-;-;-;-;-;;-
SDRS;RJ0007;RESENDE;RESENDE;RJ;22° 28' 43'' S;44° 28' 54'' W;402 m;VFR Diurno;-;-; 08/26;1300 m;30 m;PCN 13/F/C/Y/U;Asfalto;-;-;-;-;-;-;-;-;-;-;-;-;-;-;-;PA2020-0973;-;-;-;PA2020-0973;-;-;-;AP-0;Classe I;4ª;-;-;3;-;-;-;-;-;-;-;;-
SDSC;SP0029;MÁRIO PEREIRA LOPES;SÃO CARLOS;SP;21° 52' 35'' S;47° 54' 12'' W;807 m;VFR Diurno/Noturno;RNS;INTL (restrito); 02/20;1720 m;45 m;PCN 47/F/A/X/T;Asfalto;-;-;-;-;-;-;-;-;-;-;-;-;-;-;-;PA2018-2564;-;-;-;PA2018-2564;-;-;-;AP-0;Classe I;3ª;-;-;0;-;-;-;-;-;-;-;;-
SBSO;MT0005;REGIONAL DE SORRISO ADOLINO BEDIN;SORRISO;MT;12° 28' 22'' S;55° 40' 8'' W;386 m;VFR Diurno/Noturno e IFR Diurno/Noturno;-;-; 05/23;1700 m;30 m;PCN 31/F/B/X/T;Asfalto;-;-;-;-;-;-;-;-;-;-;-;-;-;-;-;PA2016-0745;-;-;-;PA2016-0745;-;-;-;AP-1;Classe I;-;-;-;5;-;-;-;-;-;-;-;X;-
SDOW;PA0021;OURILÂNDIA DO NORTE;OURILÂNDIA DO NORTE;PA;6° 45' 47'' S;51° 2' 60'' W;229 m;VFR Diurno/Noturno;-;-; 14/32;1200 m;30 m;PCN 11/F/B/Y/T;Asfalto;-;-;-;-;-;-;-;-;-;-;-;-;-;-;-;PA2023-10.178;-;-;-;PA2023-10.178;-;-;-;AP-1;Classe I;-;-;-;0;-;-;-;-;-;-;-;X;Portaria n° 14.257, de 04/04/2024, torna pública a revogação da medida cautelar de proibição de operações de pouso de aeronaves de asa fixa com motor à reação (turbojato), aplicada por meio da Decisão sobre Medida Cautelar nº 23/2020/GFIC/SIA, de 14 de abril de 2020, ao aeródromo público Ourilândia do Norte, CIAD PA0021, código OACI SDOW, localizado em Ourilândia do Norte/PA.
SDTF;SP0050;TATUÍ;TATUÍ;SP;23° 19' 55'' S;47° 52' 48'' W;635 m;VFR Diurno;-;-; 14/32;1300 m;30 m;PCN 28/F/B/X/T;Asfalto;-;-;-;-;-;-;-;-;-;-;-;-;-;-;-;PA2020-1084;-;-;-;PA2020-1084;-;-;-;AP-0;Classe I;-;-;-;0;-;-;-;-;-;-;-;;-
SDTI;SP0073;TUPI PAULISTA;TUPI PAULISTA;SP;21° 23' 36'' S;51° 36' 3'' W;365 m;VFR Diurno;-;-; 06/24;750 m;23 m;5700 kg / 0,5 MPa;Grama;-;-;-;-;-;-;-;-;-;-;-;-;-;-;-;PA2020-1925;-;-;-;PA2020-1925;-;-;-;AP-0;Classe I;-;-;-;0;-;-;-;-;-;-;-;;-
SDTK;RJ0011;PARATY;PARATY;RJ;23° 13' 26'' S;44° 43' 24'' W;3 m;VFR Diurno;-;-; 10/28;850 m;23 m;PCN 8/F/B/X/T;Asfalto;-;-;-;-;-;-;-;-;-;-;-;-;-;-;-;PA2022-6994;-;-;-;PA2022-6994;-;-;-;AP-0;Classe I;-;-;-;0;-;-;-;-;-;-;-;;Portaria n° 15.197, de 09/08/2024, torna pública a revogação da medida cautelar de proibição de operações de pouso de aeronaves de asa fixa, aplicada por meio da Decisão sobre Medida Cautelar nº 5/2024/GFIC/SIA, de 8 de abril de 2024, ao aeródromo público Paraty, CIAD RJ0011, código OACI SDTK, localizado em Paraty (RJ).
SDTP;SP0025;JOSÉ VICENTE FARIA LIMA;TUPÃ;SP;21° 53' 24'' S;50° 30' 21'' W;550 m;VFR Diurno/Noturno;-;-; 06/24;1500 m;35 m;PCN 33/F/B/X/T;Asfalto;-;-;-;-;-;-;-;-;-;-;-;-;-;-;-;PA2018-0305;-;-;-;PA2018-0305;-;-;-;AP-0;Classe I;4ª;-;-;0;-;-;-;-;-;-;-;;-
SDUB;SP0065;ESTADUAL GASTÃO MADEIRA;UBATUBA;SP;23° 26' 29'' S;45° 4' 34'' W;3 m;VFR Diurno;-;-; 09/27;940 m;30 m;PCN 8/F/C/Y/U;Asfalto;-;-;-;-;-;-;-;-;-;-;-;-;-;-;-;PA2020-1019;-;-;-;PA2020-1019;-;-;-;AP-0;Classe I;4ª;-;-;0;-;-;-;-;-;-;-;;-
SDUN;RJ0008;ITAPERUNA;ITAPERUNA;RJ;21° 13' 9'' S;41° 52' 33'' W;110 m;VFR Diurno;-;-; 07/25;1200 m;28 m;PCN 13/F/A/X/T;Asfalto;-;-;-;-;-;-;-;-;-;-;-;-;-;-;-;PA2022-7428;-;-;-;PA2022-7428;-;-;-;AP-0;Classe I;4ª;-;-;0;-;-;-;-;-;-;-;;-
SDTB;SP0069;ATIBAIA;ATIBAIA;SP;23° 7' 42'' S;46° 34' 29'' W;797 m;VFR Diurno;-;-; 02/20;1057 m;30 m;5000 kg / 0,5 MPa;Terra;-;-;-;-;-;-;-;-;-;-;-;-;-;-;-;PA2014-1106;-;-;-;PA2014-1106;-;-;-;AP-0;Classe I;-;-;-;0;-;-;-;-;-;-;-;;Portaria n° 10.679/2023 torna pública a revogação de medida cautelar de restrição às operações de pouso.
SDVE;SP0070;VERA CRUZ;VERA CRUZ;SP;22° 13' 49'' S;49° 49' 1'' W;640 m;VFR Diurno;-;-; 15/33;950 m;20 m;5600 kg / 0,5 MPa;Asfalto;-;-;-;-;-;-;-;-;-;-;-;-;-;-;-;PA2020-1028;-;-;-;PA2020-1028;-;-;-;AP-0;Classe I;-;-;-;0;-;-;-;-;-;-;-;;-
SDVG;SP0026;DOMINGOS PIGNATARI;VOTUPORANGA;SP;20° 27' 26'' S;50° 0' 9'' W;511 m;VFR Diurno/Noturno;-;-; 05/23;1500 m;30 m;PCN 26/F/B/X/T;Asfalto;-;-;-;-;-;-;-;-;-;-;-;-;-;-;-;PA2020-3476;-;-;-;PA2020-3476;-;-;-;AP-0;Classe I;4ª;-;-;0;-;-;-;-;-;-;-;;-
SDWQ;PA0027;ALENQUER;ALENQUER;PA;1° 55' 1'' S;54° 43' 22'' W;31 m;VFR Diurno;-;-; 10/28;1000 m;23 m;5700 kg / 0,5 MPa;Asfalto;-;-;-;-;-;-;-;-;-;-;-;-;-;-;-;PA2021-6798;-;-;-;PA2021-6798;-;-;-;AP-0;Classe I;-;-;-;0;-;-;-;-;Interditado;-;-;X;Interdição por risco presumido
SDXF;GO0020;ALTO PARAÍSO DE GOIÁS;ALTO PARAÍSO DE GOIÁS;GO;14° 7' 9'' S;47° 31' 49'' W;1339 m;VFR Diurno;-;-; 09/27;1080 m;30 m;5700 kg / 0,5 MPa;Asfalto;-;-;-;-;-;-;-;-;-;-;-;-;-;-;-;PA2018-1383;-;-;-;PA2018-1383;-;-;-;AP-0;Classe I;-;-;-;0;-;-;-;-;-;-;-;;-
SDXJ;MS0017;COSTA RICA;COSTA RICA;MS;18° 29' 29'' S;53° 10' 6'' W;738 m;VFR Diurno;-;-; 09/27;1300 m;23 m;PCN 10/F/B/Y/T;Asfalto;-;-;-;-;-;-;-;-;-;-;-;-;-;-;-;PA2015-2207;-;-;-;PA2015-2207;-;-;-;AP-0;Classe I;-;-;-;0;-;-;-;-;-;-;-;;-
SDZG;CE0008;PEDRO TEIXEIRA CASTELO REGIONAL TAUÁ;TAUÁ;CE;5° 56' 0'' S;40° 17' 51'' W;444 m;VFR Diurno/Noturno;-;-; 09/27;1200 m;30 m;PCN 7/F/C/Y/U;Asfalto;-;-;-;-;-;-;-;-;-;-;-;-;-;-;-;PA2020-1189;-;-;-;PA2020-1189;-;-;-;AP-0;Classe I;-;-;-;0;-;-;-;-;-;-;-;;-
SIBU;PB0012;JERÔNIMO SÉRGIO ROSADO MAIA;CATOLÉ DO ROCHA;PB;6° 21' 45'' S;37° 45' 19'' W;272 m;VFR Diurno;-;-; 11/29;1000 m;18 m;PCN 10/F/B/Y/U;Asfalto;-;-;-;-;-;-;-;-;-;-;-;-;-;-;-;PA2021-4759;-;-;-;PA2021-4759;-;-;-;AP-0;Classe I;-;-;-;0;-;-;-;-;-;-;-;;-
SDUQ;SP0042;PARAGUAÇU PAULISTA;PARAGUAÇU PAULISTA;SP;22° 25' 37'' S;50° 36' 25'' W;486 m;VFR Diurno;-;-; 05/23;1199 m;26 m;5600 kg / 0,5 MPa;Terra;-;-;-;-;-;-;-;-;-;-;-;-;-;-;-;PA2022-6993;-;-;-;PA2022-6993;-;-;-;AP-0;Classe I;-;-;-;0;-;-;-;-;Interditado;PA2019-2858;PA2019-2858;;-
SIBZ;PB0010;ITAPORANGA;ITAPORANGA;PB;7° 18' 40'' S;38° 6' 49'' W;292 m;VFR Diurno;-;-; 14/32;1184 m;24 m;PCN 8/F/B/Y/U;Asfalto;-;-;-;-;-;-;-;-;-;-;-;-;-;-;-;PA2018-0027;-;-;-;PA2018-0027;-;-;-;AP-0;Classe I;-;-;-;0;-;-;-;-;Proibição de operações de pouso de aeronaves de asa fixa com motor à reação, exceto no caso de operações de emergência médica ou de transporte de valores realizadas mediante prévia coordenação com o Operador do Aeródromo;PA2024-15.794;PA2024-15.794;;-
SILC;MT0025;AEROPORTO MUNICIPAL BOM FUTURO ;LUCAS DO RIO VERDE;MT;13° 2' 16'' S;55° 57' 1'' W;414 m;VFR Diurno/Noturno;-;-; 08/26;1730 m;30 m;5700 kg / 0,5 MPa;Asfalto;-;-;-;-;-;-;-;-;-;-;-;-;-;-;-;PA2019-3497;-;-;-;PA2019-3497;-;-;-;AP-0;Classe I;-;-;-;0;-;-;-;-;-;-;-;X;-
SIMK;SP0011;TENENTE LUND PRESSOTO;FRANCA;SP;20° 35' 32'' S;47° 22' 59'' W;1003 m;VFR Diurno/Noturno;-;-; 06/24;2000 m;30 m;PCN 26/F/B/X/T;Asfalto;-;-;-;-;-;-;-;-;-;-;-;-;-;-;-;PA2023-12.343;-;-;-;PA2023-12.343;-;-;-;AP-1;Classe I;3ª;-;-;0;-;-;-;-;-;-;-;;-
SIZX;MT0018;JUARA SUL;JUARA;MT;11° 17' 48'' S;57° 32' 56'' W;302 m;VFR Diurno;-;-; 11/29;1500 m;30 m;PCN 12/F/B/C/T;Asfalto;-;-;-;-;-;-;-;-;-;-;-;-;-;-;-;PA2021-3950;-;-;-;PA2021-3950;-;-;-;AP-0;Classe I;-;-;-;0;-;-;-;-;-;-;-;X;-
SIBY;PB0009;LOURIVAL NUNES DE FARIAS;MONTEIRO;PB;7° 52' 42'' S;37° 8' 12'' W;622 m;VFR Diurno;-;-; 14/32;1140 m;30 m;PCN 8/F/C/Y/U;Asfalto;-;-;-;-;-;-;-;-;-;-;-;-;-;-;-;PA2021-4937;-;-;-;PA2021-4937;-;-;-;AP-0;Classe I;-;-;-;0;-;-;-;-;-;-;-;;Portaria n° 10.364/2023 torna pública a revogação de medida administrativa cautelar de proibição de operações de pouso.
SJAU;TO0007;ARAGUACEMA;ARAGUACEMA;TO;8° 50' 16'' S;49° 33' 28'' W;207 m;VFR Diurno;-;-; 12/30;1400 m;30 m;PCN 6/F/A/Y/T;Asfalto;-;-;-;-;-;-;-;-;-;-;-;-;-;-;-;PA2021-3952;-;-;-;PA2021-3952;-;-;-;AP-0;Classe I;-;-;-;0;-;-;-;-;Interditado;PA2020-2799;PA2020-2799;X;-
SJBY;MA0007;JOÃO SILVA;SANTA INÊS;MA;3° 39' 16'' S;45° 20' 43'' W;21 m;VFR Diurno;-;-; 06/24;1500 m;30 m;PCN 10/F/C/Y/T;Asfalto;-;-;-;-;-;-;-;-;-;-;-;-;-;-;-;PA2020-1297;-;-;-;PA2020-1297;-;-;-;AP-0;Classe I;-;-;-;0;-;-;-;-;Proibição de operações de pouso na pista 06.;PA2020-0251;PA2020-0251;X;-
SBJA;SC0005;REGIONAL SUL;JAGUARUNA;SC;28° 40' 31'' S;49° 3' 34'' W;35 m;VFR Diurno/Noturno e IFR Diurno/Noturno;-;-; 05/23;2499 m;30 m;PCN 57/F/A/X/T;Asfalto;-;-;-;-;-;-;-;-;-;-;-;-;-;-;-;PA2023-11.194;-;-;-;PA2023-11.194;-;-;-;AP-1;Classe I;3ª;-;-;5;-;-;-;-;"I - fica proibida a realização de operações de serviço de transporte aéreo de passageiro regidas pelo RBAC nº 121, de aeronaves de categoria 4C, acima do limite de frequências semanais de aeronaves constante da Tabela 1 do Anexo, até 28 de março de 2026; II - fica proibida a realização de operações de serviço de transporte aéreo de passageiro regidas pelo RBAC nº 121 de aeronaves de categoria 4C, a partir de 29 de março de 2026; III - ficam proibidas as operações noturnas de pouso em pista com PAPI inexistente ou inoperante;";PA2025-17.993;PA2025-17.993;;-
SJOG;RO0008;ARIQUEMES;ARIQUEMES;RO;9° 52' 50'' S;63° 2' 50'' W;142 m;VFR Diurno;-;-; 03/21;1306 m;18 m;PCN 25/F/C/Y/U;Asfalto;-;-;-;-;-;-;-;-;-;-;-;-;-;-;-;PA2020-3473;-;-;-;PA2020-3473;-;-;-;AP-0;Classe I;-;-;-;0;-;-;-;-;-;-;-;X;-
SJQN;GO0006;QUIRINÓPOLIS;QUIRINÓPOLIS;GO;18° 26' 46'' S;50° 24' 33'' W;586 m;VFR Diurno/Noturno;-;-; 13/31;1500 m;30 m;PCN 10/F/C/Y/T;Asfalto;-;-;-;-;-;-;-;-;-;-;-;-;-;-;-;PA2020-3471;-;-;-;PA2020-3471;-;-;-;AP-0;Classe I;-;-;-;0;-;-;-;-;-;-;-;;-
SJRG;RS0013;REGIONAL DE RIO GRANDE;RIO GRANDE;RS;32° 5' 1'' S;52° 10' 4'' W;6 m;VFR Diurno/Noturno;-;-; 06/24;1900 m;30 m;PCN 11/F/B/Y/T;Asfalto;-;-;-;-;-;-;-;-;-;-;-;-;-;-;-;PA2022-10.073;-;-;-;PA2022-10.073;-;-;-;AP-0;Classe I;3ª;-;-;0;-;-;-;-;-;-;-;;-
SJGU;TO0005;ARAGUATINS;ARAGUATINS;TO;5° 41' 9'' S;48° 6' 51'' W;125 m;VFR Diurno;-;-; 12/30;1500 m;30 m;PCN 8/F/B/Y/T;Asfalto;-;-;-;-;-;-;-;-;-;-;-;-;-;-;-;PA2022-8034;-;-;-;PA2022-8034;-;-;-;AP-0;Classe I;-;-;-;0;-;-;-;-;Interditado;PA2020-1254;PA2020-1254;X;-
SJTS;PA0028;TERRA SANTA;TERRA SANTA;PA;2° 4' 22'' S;56° 29' 20'' W;25 m;VFR Diurno;-;-; 12/30;1000 m;23 m;5700 kg / 0,5 MPa;Piçarra;-;-;-;-;-;-;-;-;-;-;-;-;-;-;-;PA2022-8567;-;-;-;PA2022-8567;-;-;-;AP-0;Classe I;-;-;-;0;-;-;-;-;Interditado;PA2021-4424;PA2021-4424;X;-
SJZA;PB0004;PEDRO VIEIRA MOREIRA;CAJAZEIRAS;PB;6° 52' 58'' S;38° 36' 57'' W;335 m;VFR Diurno/Noturno;-;-; 12/30;1600 m;30 m;PCN 26/F/B/X/T;Asfalto;-;-;-;-;-;-;-;-;-;-;-;-;-;-;-;PA2016-3365;-;-;-;PA2016-3365;-;-;-;AP-1;Classe I;-;-;-;0;-;-;-;-;-;-;-;;Proibidas as operações de pouso de aeronaves a jato nas RWY 12 e 30.
SNAB;PE0009;ARARIPINA;ARARIPINA;PE;7° 35' 11'' S;40° 32' 7'' W;740 m;VFR Diurno/Noturno;-;-; 13/31;1247 m;27 m;PCN 11/F/B/Y/T;Asfalto;-;-;-;-;-;-;-;-;-;-;-;-;-;-;-;PA2018-3128;-;-;-;PA2018-3128;-;-;-;AP-1;Classe I;-;-;-;0;-;-;-;-;-;-;-;;-
SJVO;GO0030;ARAGARÇAS;ARAGARÇAS;GO;15° 53' 58'' S;52° 14' 27'' W;323 m;VFR Diurno;-;-; 10/28;1322 m;30 m;PCN 14/F/B/X/U;Asfalto;-;-;-;-;-;-;-;-;-;-;-;-;-;-;-;PA2022-8544;-;-;-;PA2022-8544;-;-;-;AP-0;Classe I;-;-;-;0;-;-;-;-;Proibição de operações de aeronaves de asa fixa com motor à reação (turbojato), exceto no caso de operações de emergência médica ou de transporte de valores realizadas mediante prévia coordenação com o Operador do Aeródromo.;PA2020-1542;PA2020-1542;;-
SNAE;PE0007;ARCOVERDE;ARCOVERDE;PE;8° 24' 28'' S;37° 5' 18'' W;648 m;VFR Diurno;-;-; 15/33;1300 m;28 m;PCN 6/F/B/Y/U;Asfalto;-;-;-;-;-;-;-;-;-;-;-;-;-;-;-;PA2018-3679;-;-;-;PA2018-3679;-;-;-;AP-0;Classe I;-;-;-;0;-;-;-;-;Proibição de operação de aeronaves de asa fixa com motor à reação (turbojato).;PA2022-8479;PA2022-8479;;-
SNAL;AL0003;ARAPIRACA;ARAPIRACA;AL;9° 46' 35'' S;36° 37' 50'' W;270 m;VFR Diurno/Noturno;-;-; 10/28;930 m;18 m;PCN 13/F/B/Y/T;Asfalto;-;-;-;-;-;-;-;-;-;-;-;-;-;-;-;PA2020-1073;-;-;-;PA2020-1073;-;-;-;AP-0;Classe I;-;-;-;0;-;-;-;-;-;-;-;;-
SNAP;MG0021;JANAÚBA;JANAÚBA;MG;15° 43' 55'' S;43° 19' 23'' W;532 m;VFR Diurno;-;-; 10/28;1500 m;30 m;5700 kg / 0,5 MPa;Asfalto;-;-;-;-;-;-;-;-;-;-;-;-;-;-;-;PA2020-2974;-;-;-;PA2020-2974;-;-;-;AP-0;Classe I;-;-;-;0;-;-;-;-;-;-;-;;Portaria n° 11.216/2023 torna pública a revogação da medida cautelar de proibição de operações de pouso.
SNAG;MG0020;ARAGUARI;ARAGUARI;MG;18° 40' 5'' S;48° 11' 25'' W;947 m;VFR Diurno;-;-; 05/23;1500 m;30 m;PCN 14/F/A/Y/T;Asfalto;-;-;-;-;-;-;-;-;-;-;-;-;-;-;-;-;-;-;-;-;-;-;-;AP-0;Classe I;-;-;-;0;-;-;-;-;Interditado;PA2021-4562;PA2021-4562;;-
SNAS;MG0022;TRÊS MARIAS;TRÊS MARIAS;MG;18° 13' 30'' S;45° 11' 26'' W;786 m;VFR Diurno;-;-; 06/24;1500 m;45 m;PCN 24/F/C/X/U;Asfalto;-;-;-;-;-;-;-;-;-;-;-;-;-;-;-;PA2021-4602;-;-;-;PA2021-4602;-;-;-;AP-0;Classe I;-;-;-;0;-;-;-;-;-;-;-;;-
SBAC;CE0004;AEROPORTO REGIONAL DE CANOA QUEBRADA DRAGÃO DO MAR;ARACATI;CE;4° 34' 7'' S;37° 48' 17'' W;36 m;VFR Diurno/Noturno e IFR Diurno/Noturno;-;-; 09/27;1800 m;30 m;PCN 36/F/A/X/U;Asfalto;-;-;-;-;-;-;-;-;-;-;-;-;-;-;-;PA2021-6019;-;-;-;PA2021-6019;-;-;-;AP-1;Classe I;-;3C;NPA;0;PA2019-3971;-;PA2019-3971;-;-;-;-;;-
SNAX;SP0016;MARCELO PIRES HALZHAUSEN;ASSIS;SP;22° 38' 19'' S;50° 27' 21'' W;564 m;VFR Diurno/Noturno;-;-; 12/30;1689 m;30 m;PCN 25/F/C/Y/U;Asfalto;-;-;-;-;-;-;-;-;-;-;-;-;-;-;-;PA2022-8238;-;-;-;PA2022-8238;-;-;-;AP-0;Classe I;4ª;-;-;0;-;-;-;-;-;-;-;;-
SNBA;SP0013;CHAFEI AMSEI;BARRETOS;SP;20° 35' 8'' S;48° 35' 45'' W;580 m;VFR Diurno/Noturno;-;-; 09/27;1800 m;30 m;PCN 32/F/A/X/T;Asfalto;-;-;-;-;-;-;-;-;-;-;-;-;-;-;-;PA2020-1562;-;-;-;PA2020-1562;-;-;-;AP-1;Classe I;3ª;-;-;0;-;-;-;-;-;-;-;;-
SNBC;MA0006;BARRA DO CORDA;BARRA DO CORDA;MA;5° 30' 9'' S;45° 12' 58'' W;160 m;VFR Diurno;-;-; 09/27;1250 m;30 m;PCN 13/F/B/Y/U;Piçarra;-;-;-;-;-;-;-;-;-;-;-;-;-;-;-;PA2020-1088;-;-;-;PA2020-1088;-;-;-;AP-0;Classe I;-;-;-;0;-;-;-;-;-;-;-;X;-
SNAR;MG0033;CIRILO QUEIRÓZ;ALMENARA;MG;16° 9' 57'' S;40° 41' 3'' W;195 m;VFR Diurno/Noturno;-;-; 07/25;1400 m;30 m;PCN 8/F/B/Y/U;Asfalto;-;-;-;-;-;-;-;-;-;-;-;-;-;-;-;PA2022-8565;-;-;-;PA2022-8565;-;-;-;AP-0;Classe I;-;-;-;0;-;-;-;-;Proibição de operações noturnas.;PA2021-4212;PA2021-4212;;-
SNBI;MA0005;BACABAL;BACABAL;MA;4° 13' 41'' S;44° 49' 11'' W;21 m;VFR Diurno;-;-; 10/28;1600 m;30 m;PCN 25/F/A/X/T;Asfalto;-;-;-;-;-;-;-;-;-;-;-;-;-;-;-;PA2018-0629;-;-;-;PA2018-0629;-;-;-;AP-0;Classe I;-;-;-;0;-;-;-;-;-;-;-;X;-
SNBM;MG0051;CRISTIANO FERREIRA VARELLA;MURIAÉ;MG;21° 7' 34'' S;42° 23' 40'' W;270 m;VFR Diurno;-;-; 12/30;1140 m;23 m;PCN 12/F/B/Y/T;Asfalto;-;-;-;-;-;-;-;-;-;-;-;-;-;-;-;PA2020-1561;-;-;-;PA2020-1561;-;-;-;AP-0;Classe I;-;-;-;0;-;-;-;-;-;-;-;;-
SNBR;BA0011;DOM RICARDO WEBERBERGER;BARREIRAS;BA;12° 4' 45'' S;45° 0' 34'' W;747 m;VFR Diurno/Noturno;-;-; 08/26;1600 m;30 m;PCN 35/F/A/X/T;Asfalto;-;-;-;-;-;-;-;-;-;-;-;-;-;-;-;PA2022-7059;-;-;-;PA2022-7059;-;-;-;AP-1;Classe I;3ª;-;-;0;-;-;-;-;-;-;-;;-
SNBS;MA0010;BALSAS;BALSAS;MA;7° 31' 31'' S;46° 3' 12'' W;289 m;VFR Diurno;-;-; 15/33;970 m;25 m;PCN 14/F/B/Y/U;Asfalto;-;-;-;-;-;-;-;-;-;-;-;-;-;-;-;PA2015-2308;-;-;-;PA2015-2308;-;-;-;AP-0;Classe I;-;-;-;0;-;-;-;-;-;-;-;X;-
SNBX;BA0028;BARRA;BARRA;BA;11° 4' 52'' S;43° 8' 51'' W;389 m;VFR Diurno;-;-; 06/24;1300 m;20 m;PCN 10/F/B/X/U;Asfalto;-;-;-;-;-;-;-;-;-;-;-;-;-;-;-;PA2016-0574;-;-;-;PA2016-0574;-;-;-;AP-0;Classe I;-;-;-;0;-;-;-;-;-;-;-;;-
SNBZ;BA0042;PARAMIRIM;PARAMIRIM;BA;13° 29' 26'' S;42° 13' 45'' W;639 m;VFR Diurno;-;-; 18/36;1179 m;25 m;5700 kg / 0,5 MPa;Cascalho;-;-;-;-;-;-;-;-;-;-;-;-;-;-;-;PA2020-1558;-;-;-;PA2020-1558;-;-;-;AP-0;Classe I;-;-;-;0;-;-;-;-;-;-;-;;Portaria n° 11.580, de 07/06/2023, revoga a medida cautelar de proibição de operações pouso, aplicada por meio da Decisão sobre Medida Cautelar nº 28/2019/GFIC/SIA, de 14 de outubro de 2019.
SNCA;MG0031;CAMPO BELO;CAMPO BELO;MG;20° 53' 33'' S;45° 20' 8'' W;970 m;VFR Diurno;-;-; 10/28;1420 m;30 m;PCN 25/F/A/X/T;Asfalto;-;-;-;-;-;-;-;-;-;-;-;-;-;-;-;PA2020-1560;-;-;-;PA2020-1560;-;-;-;AP-0;Classe I;-;-;-;0;-;-;-;-;-;-;-;;-
SNCS;CE0009;CAMPOS SALES;CAMPOS SALES;CE;7° 3' 6'' S;40° 21' 30'' W;615 m;VFR Diurno/Noturno;-;-; 11/29;1200 m;30 m;PCN 17/F/A/X/T;Asfalto;-;-;-;-;-;-;-;-;-;-;-;-;-;-;-;PA2020-1022;-;-;-;PA2020-1022;-;-;-;AP-0;Classe I;-;-;-;0;-;-;-;-;-;-;-;;-
SNCT;MG0056;CARATINGA;UBAPORANGA;MG;19° 43' 31'' S;42° 6' 44'' W;599 m;VFR Diurno;-;-; 02/20;1080 m;23 m;5000 kg / 0,5 MPa;Asfalto;-;-;-;-;-;-;-;-;-;-;-;-;-;-;-;PA2022-7798;-;-;-;PA2022-7798;-;-;-;AP-0;Classe I;-;-;-;0;-;-;-;-;-;-;-;;-
SNCX;ES0004;COLATINA;COLATINA;ES;19° 29' 15'' S;40° 34' 46'' W;153 m;VFR Diurno/Noturno;-;-; 15/33;1300 m;30 m;PCN 8/F/B/Y/T;Asfalto;-;-;-;-;-;-;-;-;-;-;-;-;-;-;-;PA2021-6743;-;-;-;PA2021-6743;-;-;-;AP-0;Classe I;-;-;-;0;-;-;-;-;-;-;-;;-
SNBG;ES0005;BAIXO GUANDU - AIMORÉS;BAIXO GUANDU;ES;19° 29' 56'' S;41° 2' 31'' W;80 m;VFR Diurno;-;-; 11/29;1200 m;30 m;PCN 10/F/C/Y/U;Asfalto;-;-;-;-;-;-;-;-;-;-;-;-;-;-;-;PA2015-1984;-;-;-;PA2015-1984;-;-;-;AP-0;Classe I;-;-;-;0;-;-;-;-;Interditado;PA2019-3182;PA2019-3182;;-
SNDC;PA0030;REDENÇÃO;REDENÇÃO;PA;8° 1' 52'' S;49° 58' 47'' W;207 m;VFR Diurno;-;-; 06/24;1350 m;30 m;PCR 120/F/A/Y/T;Asfalto;-;-;-;-;-;-;-;-;-;-;-;-;-;-;-;PA2015-0561;-;-;-;PA2015-0561;-;-;-;AP-0;Classe I;4ª;-;-;0;-;-;-;-;-;-;-;X;-
SNDT;MG0030;JUSCELINO KUBITSCHEK;DIAMANTINA;MG;18° 13' 56'' S;43° 39' 1'' W;1356 m;VFR Diurno/Noturno;-;-; 03/21;1700 m;30 m;PCN 14/F/B/X/T;Asfalto;-;-;-;-;-;-;-;-;-;-;-;-;-;-;-;PA2018-2328;-;-;-;PA2018-2328;-;-;-;AP-0;Classe I;-;-;-;0;-;-;-;-;-;-;-;;-
SNDV;MG0015;BRIGADEIRO ANTÔNIO CABRAL;DIVINÓPOLIS;MG;20° 10' 55'' S;44° 52' 12'' W;795 m;VFR Diurno/Noturno e IFR Diurno/Noturno;-;-; 17/35;1540 m;30 m;PCN 20/F/B/X/T;Asfalto;-;-;-;-;-;-;-;-;-;-;-;-;-;-;-;PA2016-0019;-;-;-;PA2016-0019;-;-;-;AP-1;Classe I;3ª;-;NPA;0;-;-;-;-;-;-;-;;-
SNEB;PA0018;NAGIB DEMACHKI;PARAGOMINAS;PA;3° 1' 11'' S;47° 18' 59'' W;135 m;VFR Diurno;-;-; 09/27;1450 m;30 m;PCN 30/F/C/X/T;Asfalto;-;-;-;-;-;-;-;-;-;-;-;-;-;-;-;PA2020-1291;-;-;-;PA2020-1291;-;-;-;AP-1;Classe I;-;-;-;0;-;-;-;-;-;-;-;X;-
SNCZ;MG0059;PONTE NOVA;PONTE NOVA;MG;20° 24' 11'' S;42° 55' 0'' W;572 m;VFR Diurno;-;-; 07/25;1060 m;30 m;PCN 11/F/C/Y/T;Asfalto;-;-;-;-;-;-;-;-;-;-;-;-;-;-;-;PA2021-3954;-;-;-;PA2021-3954;-;-;-;AP-0;Classe I;-;-;-;0;-;-;-;-;Interditado;PA2020-2418;PA2020-2418;;-
SNEE;RS0004;VACARIA NOVO;VACARIA;RS;28° 25' 55'' S;51° 1' 22'' W;914 m;VFR Diurno;-;-; 13/31;2020 m;30 m;PCN 32/F/A/X/T;Asfalto;-;-;-;-;-;-;-;-;-;-;-;-;-;-;-;PA2014-0071;-;-;-;PA2014-0071;-;-;-;AP-0;Classe I;-;-;-;0;-;-;-;-;-;-;-;;-
SNFE;MG0012;COMANDANTE PASCHOAL PATROCÍNIO FILHO;ALFENAS;MG;21° 25' 53'' S;45° 55' 56'' W;881 m;VFR Diurno/Noturno;-;-; 04/22;1600 m;30 m;PCN 8/F/C/Y/U;Asfalto;-;-;-;-;-;-;-;-;-;-;-;-;-;-;-;PA2023-12.094;-;-;-;PA2023-12.094;-;-;-;AP-0;Classe I;-;-;-;0;-;-;-;-;-;-;-;;-
SNFO;MG0060;FORMIGA;FORMIGA;MG;20° 23' 41'' S;45° 28' 59'' W;1017 m;VFR Diurno;-;-; 02/20;1117 m;23 m;PCN 8/F/C/Y/U;Cascalho;-;-;-;-;-;-;-;-;-;-;-;-;-;-;-;PA2023-11.483;-;-;-;PA2023-11.483;-;-;-;AP-0;Classe I;-;-;-;0;-;-;-;-;-;-;-;;-
SNFU;MG0063;FRUTAL;FRUTAL;MG;20° 0' 17'' S;48° 57' 32'' W;549 m;VFR Diurno/Noturno;-;-; 07/25;1320 m;30 m;PCN 15/F/C/Y/T;Asfalto;-;-;-;-;-;-;-;-;-;-;-;-;-;-;-;PA2020-0681;-;-;-;PA2020-0681;-;-;-;AP-0;Classe I;-;-;-;0;-;-;-;-;-;-;-;;-
SNFX;PA0013;SÃO FÉLIX DO XINGU;SÃO FÉLIX DO XINGU;PA;6° 38' 29'' S;51° 57' 8'' W;183 m;VFR Diurno;-;-; 14/32;1600 m;33 m;PCN 45/F/C/X/U;Asfalto;-;-;-;-;-;-;-;-;-;-;-;-;-;-;-;PA2021-5311;-;-;-;PA2021-5311;-;-;-;AP-0;Classe I;4ª;-;-;0;-;-;-;-;-;-;-;X;-
SNGA;ES0007;GUARAPARI;GUARAPARI;ES;20° 38' 47'' S;40° 29' 30'' W;9 m;VFR Diurno/Noturno;-;-; 06/24;1088 m;28 m;PCN 13/F/C/X/T;Asfalto;-;-;-;-;-;-;-;-;-;-;-;-;-;-;-;PA2017-3632;-;-;-;PA2017-3632;-;-;-;AP-0;Classe I;4ª;-;-;0;-;-;-;-;-;-;-;;-
SNGB;PI0011;GILBUÉS;GILBUÉS;PI;9° 50' 1'' S;45° 22' 2'' W;450 m;VFR Diurno;-;-; 09/27;1000 m;30 m;PCN 8/F/C/Y/U;Terra;-;-;-;-;-;-;-;-;-;-;-;-;-;-;-;-;-;-;-;-;-;-;-;AP-0;Classe I;-;-;-;0;-;-;-;-;Interditado;-;-;;Interdição noticiada por meio do Ofício nº 149/2013/SIA/ANAC
SNGG;PI0007;BOM JESUS DO GURGUÉIA;BOM JESUS;PI;9° 3' 34'' S;44° 22' 9'' W;338 m;VFR Diurno/Noturno;-;-; 16/34;1200 m;30 m;#REF!;Asfalto;-;-;-;-;-;-;-;-;-;-;-;-;-;-;-;PA2020-1085;-;-;-;PA2020-1085;-;-;-;AP-0;Classe I;-;-;-;0;-;-;-;-;-;-;-;;-
SNGI;BA0009;AERÓDROMO DE GUANAMBI;GUANAMBI;BA;14° 12' 29'' S;42° 44' 46'' W;553 m;VFR Diurno/Noturno e IFR Diurno/Noturno;-;-; 14/32;1700 m;30 m;PCR 18/F/A/Y/T;Asfalto;-;-;-;-;-;-;-;-;-;-;-;-;-;-;-;PA2015-1765;-;-;-;PA2015-1765;-;-;-;AP-1;Classe I;4ª;2C;NPA;0;PA2022-7043;PA2023-12.080;PA2022-7043;PA2023-12.080;Proibição do aumento de frequências das operações de transporte aéreo público de passageiros regidas pelo RBAC nº 121, acima do limite de 7 frequências semanais, ou seja, 14 movimentos semanais (pousos + decolagens);PA2026-19.031;PA2026-19.031;;-
SNED;BA0023;SÓCRATES REZENDE;CANAVIEIRAS;BA;15° 39' 59'' S;38° 57' 19'' W;6 m;VFR Diurno;-;-; 14/32;1340 m;30 m;5700 kg / 0,5 MPa;Asfalto;-;-;-;-;-;-;-;-;-;-;-;-;-;-;-;PA2017-1349;-;-;-;PA2017-1349;-;-;-;AP-0;Classe I;4ª;-;-;0;-;-;-;-;Interditado;PA2020-3384;PA2020-3384;;-
SNGX;MG0023;GUAXUPÉ;GUAXUPÉ;MG;21° 19' 36'' S;46° 43' 49'' W;849 m;VFR Diurno/Noturno;-;-; 12/30;1500 m;30 m;PCN 19/F/A/Y/T;Asfalto;-;-;-;-;-;-;-;-;-;-;-;-;-;-;-;PA2020-1564;-;-;-;PA2020-1564;-;-;-;AP-0;Classe I;-;-;-;0;-;-;-;-;-;-;-;;-
SNHS;PE0005;SANTA MAGALHÃES;SERRA TALHADA;PE;8° 3' 41'' S;38° 19' 43'' W;470 m;VFR Diurno/Noturno;-;-; 13/31;1800 m;30 m;PCN 31/F/B/Y/T;Asfalto;-;-;-;-;-;-;-;-;-;-;-;-;-;-;-;PA2018-2109;-;-;-;PA2018-2109;-;-;-;AP-1;Classe I;-;-;-;0;-;-;-;-;-;-;-;;-
SNIB;BA0045;ITABERABA;ITABERABA;BA;12° 29' 59'' S;40° 16' 13'' W;283 m;VFR Diurno;-;-; 14/32;1200 m;30 m;PCN 8/F/C/Y/U;Asfalto;-;-;-;-;-;-;-;-;-;-;-;-;-;-;-;PA2018-1228;-;-;-;PA2018-1228;-;-;-;AP-0;Classe I;-;-;-;0;-;-;-;-;-;-;-;;-
SNIC;BA0019;IRECÊ;IRECÊ;BA;11° 20' 24'' S;41° 50' 49'' W;784 m;VFR Diurno/Noturno;-;-; 11/29;1400 m;30 m;5700 kg / 0,5 MPa;Asfalto;-;-;-;-;-;-;-;-;-;-;-;-;-;-;-;PA2020-1299;-;-;-;PA2020-1299;-;-;-;AP-0;Classe I;4ª;-;-;0;-;-;-;-;-;-;-;;-
SNIE;BA0020;CAETITÉ;CAETITÉ;BA;14° 0' 44'' S;42° 29' 38'' W;976 m;VFR Diurno;-;-; 09/27;1365 m;20 m;PCN 12/F/C/Y/U;Asfalto;-;-;-;-;-;-;-;-;-;-;-;-;-;-;-;PA2015-3332;-;-;-;PA2015-3332;-;-;-;AP-0;Classe I;-;-;-;0;-;-;-;-;-;-;-;;-
SNIG;CE0007;IGUATU;IGUATU;CE;6° 20' 48'' S;39° 17' 40'' W;215 m;VFR Diurno/Noturno;-;-; 16/34;1422 m;30 m;PCN 16/F/C/Y/U;Asfalto;-;-;-;-;-;-;-;-;-;-;-;-;-;-;-;PA2020-1023;-;-;-;PA2020-1023;-;-;-;AP-1;Classe I;-;-;-;0;-;-;-;-;-;-;-;;-
SNIO;BA0010;CIPÓ;CIPÓ;BA;11° 7' 31'' S;38° 29' 13'' W;223 m;VFR Diurno;-;-; 13/31;1560 m;28 m;PCN 4/F/B/Y/U;Asfalto;-;-;-;-;-;-;-;-;-;-;-;-;-;-;-;PA2015-2097;-;-;-;PA2015-2097;-;-;-;AP-0;Classe I;-;-;-;0;-;-;-;-;-;-;-;;-
SNGN;PE0006;GARANHUNS;GARANHUNS;PE;8° 50' 4'' S;36° 28' 17'' W;759 m;VFR Diurno;-;-; 16/34;1259 m;28 m;PCN 6/F/C/Y/T;Asfalto;-;-;-;-;-;-;-;-;-;-;-;-;-;-;-;PA2018-1372;-;-;-;PA2018-1372;-;-;-;AP-1;Classe I;-;-;-;0;-;-;-;-;Proibição de operações noturnas de pouso e decolagem, exceto no caso de operações de emergência médica ou de transporte de valores realizadas mediante prévia coordenação com o Operador do Aeródromo.;PA2020-3753;PA2020-3753;;-
SNIP;BA0057;ITAPETINGA;ITAPETINGA;BA;15° 14' 40'' S;40° 16' 38'' W;270 m;VFR Diurno;-;-; 11/29;1400 m;29 m;PCN 8/F/C/Y/U;Asfalto;-;-;-;-;-;-;-;-;-;-;-;-;-;-;-;PA2014-2366;-;-;-;PA2014-2366;-;-;-;AP-0;Classe I;-;-;-;0;-;-;-;-;-;-;-;;Portaria n° 12.173/2023 torna pública a revogação da medida cautelar de proibição de operações com aeronaves à reação, exceto no caso de operações de emergência médica ou de transporte de valores realizadas mediante prévia coordenação com o Operador do Aeródromo.
SNIU;BA0030;IPIAÚ;IPIAÚ;BA;14° 10' 24'' S;39° 41' 3'' W;132 m;VFR Diurno;-;-; 15/33;1316 m;18 m;PCN 6/F/C/Z/U;Asfalto;-;-;-;-;-;-;-;-;-;-;-;-;-;-;-;PA2023-11.344;-;-;-;PA2023-11.344;-;-;-;AP-0;Classe I;-;-;-;0;-;-;-;-;-;-;-;;Portaria n° 11.445/2023 torna pública a revogação da medida cautelar de proibição de operações de pouso de aeronaves de asa fixa.
SNJB;BA0062;JACOBINA;JACOBINA;BA;11° 9' 47'' S;40° 33' 12'' W;489 m;VFR Diurno;-;-; 14/32;900 m;24 m;PCN 6/F/C/Y/U;Asfalto;-;-;-;-;-;-;-;-;-;-;-;-;-;-;-;PA2015-2078;-;-;-;PA2015-2078;-;-;-;AP-0;Classe I;-;-;-;0;-;-;-;-;-;-;-;;-
SDIY;BA0013;JOÃO DURVAL CARNEIRO;FEIRA DE SANTANA;BA;12° 12' 2'' S;38° 54' 23'' W;238 m;VFR Diurno/Noturno;-;-; 13/31;1500 m;30 m;PCN 30/F/A/X/T;Asfalto;-;-;-;-;-;-;-;-;-;-;-;-;-;-;-;PA2019-0627;-;-;-;PA2019-0627;-;-;-;AP-0;Classe I;3ª;-;-;0;-;-;-;-;-;-;-;;-
SNJK;BA0047;JEQUIÉ;JEQUIÉ;BA;13° 52' 40'' S;40° 4' 17'' W;197 m;VFR Diurno;-;-; 14/32;1200 m;23 m;PCN 8/F/C/Y/U;Asfalto;-;-;-;-;-;-;-;-;-;-;-;-;-;-;-;PA2014-2695;-;-;-;PA2014-2695;-;-;-;AP-0;Classe I;4ª;-;-;0;-;-;-;-;-;-;-;;-
SNJM;MG0050;REGIONAL DE SANTO AMARO DE MINAS;MANHUAÇU;MG;20° 15' 35'' S;42° 11' 2'' W;829 m;VFR Diurno;-;-; 02/20;1170 m;30 m;PCN 14/F/B/X/T;Asfalto;-;-;-;-;-;-;-;-;-;-;-;-;-;-;-;PA2023-12.875;-;-;-;PA2023-12.875;-;-;-;AP-1;Classe I;-;-;-;0;-;-;-;-;-;-;-;;-
SNJP;MG0036;JOÃO PINHEIRO;JOÃO PINHEIRO;MG;17° 47' 15'' S;46° 7' 13'' W;911 m;VFR Diurno;-;-; 06/24;1300 m;23 m;5670 kg / 0,5 MPa;Asfalto;-;-;-;-;-;-;-;-;-;-;-;-;-;-;-;PA2021-6588;-;-;-;PA2021-6588;-;-;-;AP-0;Classe I;-;-;-;0;-;-;-;-;-;-;-;;-
SNJQ;MG0053;JEQUITINHONHA;JEQUITINHONHA;MG;16° 26' 29'' S;41° 2' 14'' W;234 m;VFR Diurno;-;-; 10/28;1130 m;23 m;PCN 6/F/C/Z/U;Asfalto;-;-;-;-;-;-;-;-;-;-;-;-;-;-;-;PA2020-3472;-;-;-;PA2020-3472;-;-;-;AP-0;Classe I;-;-;-;0;-;-;-;-;-;-;-;;-
SNJR;MG0034;PREFEITO OCTÁVIO DE ALMEIDA NEVES;SÃO JOÃO DEL REI;MG;21° 5' 8'' S;44° 13' 31'' W;945 m;VFR Diurno/Noturno;-;-; 08/26;1400 m;30 m;PCN 16/F/B/Y/T;Asfalto;-;-;-;-;-;-;-;-;-;-;-;-;-;-;-;PA2015-1205;-;-;-;PA2015-1205;-;-;-;AP-0;Classe I;3ª;-;-;0;-;-;-;-;-;-;-;;-
SNIT;BA0046;IBOTIRAMA;IBOTIRAMA;BA;12° 10' 6'' S;43° 13' 21'' W;422 m;VFR Diurno;-;-; 16/34;1200 m;20 m;PCN 6/F/C/Y/U;Asfalto;-;-;-;-;-;-;-;-;-;-;-;-;-;-;-;PA2021-6843;-;-;-;PA2021-6843;-;-;-;AP-0;Classe I;-;-;-;0;-;-;-;-;-;-;-;;-
SNKF;MG0071;DAS BANDEIRINHAS;CONSELHEIRO LAFAIETE;MG;20° 44' 19'' S;43° 47' 51'' W;1057 m;VFR Diurno;-;-; 04/22;902 m;24 m;PCN 9/F/C/Y/U;Asfalto;-;-;-;-;-;-;-;-;-;-;-;-;-;-;-;PA2022-8286;-;-;-;PA2022-8286;-;-;-;AP-0;Classe I;-;-;-;0;-;-;-;-;-;-;-;;-
SNKI;ES0006;AERÓDROMO DE CACHOEIRO DE ITAPEMIRIM;CACHOEIRO DE ITAPEMIRIM;ES;20° 50' 7'' S;41° 11' 11'' W;78 m;VFR Diurno/Noturno;-;-; 06/24;1200 m;30 m;PCN 14/F/C/Y/T;Asfalto;-;-;-;-;-;-;-;-;-;-;-;-;-;-;-;PA2015-1473;-;-;-;PA2015-1473;-;-;-;AP-0;Classe I;-;-;-;0;-;-;-;-;-;-;-;;-
SNKN;RN0004;CURRAIS NOVOS;CURRAIS NOVOS;RN;6° 16' 51'' S;36° 32' 25'' W;367 m;VFR Diurno;-;-; 10/28;1040 m;30 m;PCN 6/F/B/Y/U;Piçarra;-;-;-;-;-;-;-;-;-;-;-;-;-;-;-;PA2020-0981;-;-;-;PA2020-0981;-;-;-;AP-0;Classe I;-;-;-;0;-;-;-;-;-;-;-;;-
SNKR;PI0012;CORRENTE;CORRENTE;PI;10° 27' 7'' S;45° 8' 11'' W;473 m;VFR Diurno;-;-; 11/29;1000 m;20 m;2500 kg / 0,5 MPa;Terra;-;-;-;-;-;-;-;-;-;-;-;-;-;-;-;-;-;-;-;-;-;-;-;AP-0;Classe I;-;-;-;0;-;-;-;-;Interditado;-;-;;Interdição noticiada por meio do Ofício nº 149/2013/SIA/ANAC
SNLN;ES0002;MUNICIPAL DE LINHARES;LINHARES;ES;19° 21' 19'' S;40° 4' 17'' W;42 m;VFR Diurno/Noturno;-;-; 05/23;1860 m;45 m;#REF!;Asfalto;-;-;-;-;-;-;-;-;-;-;-;-;-;-;-;PA2022-7316;-;-;-;PA2022-7316;-;-;-;AP-1;Classe I;-;-;-;0;-;-;-;-;-;-;-;;-
SNLO;MG0037;SÃO LOURENÇO;SÃO LOURENÇO;MG;22° 5' 27'' S;45° 2' 40'' W;875 m;VFR Diurno;-;-; 05/23;1300 m;30 m;PCN 14/F/B/X/T;Asfalto;-;-;-;-;-;-;-;-;-;-;-;-;-;-;-;PA2023-11.738;-;-;-;PA2023-11.738;-;-;-;AP-0;Classe I;4ª;-;-;0;-;-;-;-;-;-;-;;-
SNMA;PA0019;MONTE ALEGRE;MONTE ALEGRE;PA;1° 59' 48'' S;54° 4' 17'' W;99 m;VFR Diurno;-;-; 10/28;1425 m;30 m;PCN 9/F/C/Y/U;Asfalto;-;-;-;-;-;-;-;-;-;-;-;-;-;-;-;PA2021-3949;-;-;-;PA2021-3949;-;-;-;AP-1;Classe I;-;-;-;0;-;-;-;-;-;-;-;X;-
SNMH;GO0018;PIRENÓPOLIS;PIRENÓPOLIS;GO;15° 50' 55'' S;48° 58' 58'' W;784 m;VFR Diurno;-;-; 15/33;1294 m;30 m;PCN 18/F/A/Y/T;Asfalto;-;-;-;-;-;-;-;-;-;-;-;-;-;-;-;PA2022-8421;-;-;-;PA2022-8421;-;-;-;AP-0;Classe I;-;-;-;0;-;-;-;-;-;-;-;;-
SNLI;MG0040;ABAETÉ;ABAETÉ;MG;19° 9' 21'' S;45° 29' 42'' W;664 m;VFR Diurno;-;-; 17/35;1200 m;30 m;5670 kg / 0,63 MPa;Asfalto;-;-;-;-;-;-;-;-;-;-;-;-;-;-;-;PA2022-7914;-;-;-;PA2022-7914;-;-;-;AP-0;Classe I;-;-;-;0;-;-;-;-;Interditado;PA2020-0655;PA2020-0655;;-
SNMK;MG0017;MOCAMBINHO;JAÍBA;MG;15° 5' 35'' S;43° 58' 45'' W;450 m;VFR Diurno;-;-; 11/29;1531 m;30 m;PCN 14/F/A/Y/T;Asfalto;-;-;-;-;-;-;-;-;-;-;-;-;-;-;-;PA2020-2078;-;-;-;PA2020-2078;-;-;-;AP-0;Classe I;-;-;-;0;-;-;-;-;-;-;-;;-
SNMJ;BA0031;MARACÁS;MARACÁS;BA;13° 23' 10'' S;40° 27' 58'' W;962 m;VFR Diurno;-;-; 08/26;1300 m;20 m;5700 kg / 0,5 MPa;Asfalto;-;-;-;-;-;-;-;-;-;-;-;-;-;-;-;PA2014-1386;-;-;-;PA2014-1386;-;-;-;AP-0;Classe I;-;-;-;0;-;-;-;-;Proibição de operações de pouso de aeronaves de asa fixa.;PA2021-5829;PA2021-5829;;-
SNMN;MG0075;MINAS NOVAS;MINAS NOVAS;MG;17° 15' 50'' S;42° 32' 21'' W;825 m;VFR Diurno;-;-; 15/33;735 m;20 m;2500 kg / 0,5 MPa;Terra;-;-;-;-;-;-;-;-;-;-;-;-;-;-;-;PA2023-11.170;-;-;-;PA2023-11.170;-;-;-;AP-0;Classe I;-;-;-;0;-;-;-;-;Interditado;PA2019-3102;PA2019-3102;;-
SNMX;ES0003;SÃO MATEUS;SÃO MATEUS;ES;18° 43' 17'' S;39° 50' 1'' W;30 m;VFR Diurno/Noturno;-;-; 08/26;1350 m;30 m;PCN 8/F/C/Y/U;Asfalto;-;-;-;-;-;-;-;-;-;-;-;-;-;-;-;PA2015-2013;-;-;-;PA2015-2013;-;-;-;AP-0;Classe I;-;-;-;0;-;-;-;-;-;-;-;;-
SNMR;BA0065;MARAÚ;MARAÚ;BA;14° 8' 36'' S;39° 0' 24'' W;9 m;VFR Diurno;-;-; 05/23;630 m;18 m;5000 kg / 0,5 MPa;Areia;-;-;-;-;-;-;-;-;-;-;-;-;-;-;-;PA2023-11.420;-;-;-;PA2023-11.420;-;-;-;AP-0;Classe I;-;-;-;0;-;-;-;-;Interditado;PA2019-3781;PA2019-3781;;-
SNNE;MG0078;SEBASTIÃO CARLOS LEITE;SÃO JOÃO NEPOMUCENO;MG;21° 32' 32'' S;43° 1' 16'' W;403 m;VFR Diurno;-;-; 11/29;620 m;40 m;3000 kg / 0,5 MPa;Saibro;-;-;-;-;-;-;-;-;-;-;-;-;-;-;-;PA2020-0975;-;-;-;PA2020-0975;-;-;-;AP-0;Classe I;-;-;-;0;-;-;-;-;-;-;-;;-
SNNU;MG0041;NANUQUE;NANUQUE;MG;17° 49' 23'' S;40° 19' 47'' W;200 m;VFR Diurno;-;-; 11/29;1220 m;23 m;PCN 13/F/C/Y/U;Asfalto;-;-;-;-;-;-;-;-;-;-;-;-;-;-;-;PA2018-2331;-;-;-;PA2018-2331;-;-;-;AP-0;Classe I;-;-;-;0;-;-;-;-;-;-;-;;-
SNOE;PI0008;OEIRAS;OEIRAS;PI;7° 1' 6'' S;42° 10' 2'' W;266 m;VFR Diurno/Noturno;-;-; 12/30;1200 m;23 m;PCN 10/F/B/Y/T;Asfalto;-;-;-;-;-;-;-;-;-;-;-;-;-;-;-;PA2023-12.855;-;-;-;PA2023-12.855;-;-;-;AP-0;Classe I;-;-;-;0;-;-;-;-;Interditado;-;-;;Interdição noticiada por meio do Ofício nº 149/2013/SIA/ANAC
SNOS;MG0024;MUNICIPAL JOSÉ FIGUEIREDO;PASSOS;MG;20° 43' 55'' S;46° 39' 43'' W;822 m;VFR Diurno/Noturno;-;-; 15/33;1500 m;30 m;PCN 19/F/A/Y/T;Asfalto;-;-;-;-;-;-;-;-;-;-;-;-;-;-;-;PA2023-10.694;-;-;-;PA2023-10.694;-;-;-;AP-0;Classe I;-;-;-;0;-;-;-;-;-;-;-;;-
SNOX;PA0014;ORIXIMINÁ;ORIXIMINÁ;PA;1° 42' 49'' S;55° 50' 9'' W;80 m;VFR Diurno;-;-; 17/35;1600 m;30 m;PCN 27/F/B/X/U;Asfalto;-;-;-;-;-;-;-;-;-;-;-;-;-;-;-;PA2020-0969;-;-;-;PA2020-0969;-;-;-;AP-1;Classe I;-;-;-;0;-;-;-;-;-;-;-;X;-
SNPA;MG0052;PARÁ DE MINAS;PARÁ DE MINAS;MG;19° 50' 33'' S;44° 36' 3'' W;839 m;VFR Diurno;-;-; 12/30;1260 m;23 m;PCN 8/F/C/Y/U;Asfalto;-;-;-;-;-;-;-;-;-;-;-;-;-;-;-;PA2018-1756;-;-;-;PA2018-1756;-;-;-;AP-0;Classe I;-;-;-;0;-;-;-;-;-;-;-;;-
SNPC;PI0009;PICOS;PICOS;PI;7° 3' 41'' S;41° 31' 33'' W;335 m;VFR Diurno/Noturno;-;-; 14/32;1641 m;30 m;PCN 8/F/C/Y/U;Asfalto;-;-;-;-;-;-;-;-;-;-;-;-;-;-;-;PA2022-8724;-;-;-;PA2022-8724;-;-;-;AP-0;Classe I;-;-;-;0;-;-;-;-;-;-;-;;-
SNPD;MG0010;PATOS DE MINAS;PATOS DE MINAS;MG;18° 40' 20'' S;46° 29' 29'' W;851 m;VFR Diurno/Noturno;-;-; 09/27;1700 m;30 m;PCN 39/F/A/Y/T;Asfalto;-;-;-;-;-;-;-;-;-;-;-;-;-;-;-;PA2016-0576;-;-;-;PA2016-0576;-;-;-;AP-1;Classe I;-;-;-;0;-;-;-;-;-;-;-;;-
SNPJ;MG0042;PATROCÍNIO;PATROCÍNIO;MG;18° 54' 33'' S;46° 58' 58'' W;985 m;VFR Diurno;-;-; 05/23;1200 m;30 m;PCN 14/F/B/Y/T;Asfalto;-;-;-;-;-;-;-;-;-;-;-;-;-;-;-;PA2019-1662;-;-;-;PA2019-1662;-;-;-;AP-0;Classe I;-;-;-;0;-;-;-;-;-;-;-;;-
SNMZ;PA0020;PORTO DE MOZ;PORTO DE MOZ;PA;1° 44' 29'' S;52° 14' 9'' W;16 m;VFR Diurno;-;-; 05/23;1270 m;28 m;5700 kg / 0,5 MPa;Asfalto;-;-;-;-;-;-;-;-;-;-;-;-;-;-;-;PA2017-2640;-;-;-;PA2017-2640;-;-;-;AP-1;Classe I;-;-;-;0;-;-;-;-;Proibição de operações de pouso de aeronaves de asa fixa com motor à reação (turbojato).;PA2022-7195;PA2022-7195;X;-
SBCZ;AC0002;CRUZEIRO DO SUL;CRUZEIRO DO SUL;AC;7° 35' 58'' S;72° 46' 10'' W;194 m;VFR Diurno/Noturno e IFR Diurno/Noturno;RNS;INTL PAX/CARGA; 10/28;2400 m;45 m;PCN 500/F/A/X/T;Asfalto;-;-;-;-;-;-;-;-;-;-;-;-;-;-;-;PA2022-9640;-;-;-;PA2022-9640;-;-;-;AP-1;Classe I;2ª;3C;NPA;5;PA2025-16.815;-;PA2025-16.815;-;-;-;-;X;-
SNPQ;PE0010;PESQUEIRA;PESQUEIRA;PE;8° 22' 29'' S;36° 38' 16'' W;630 m;VFR Diurno;-;-; 10/28;1000 m;20 m;PCN 8/F/C/Y/U;Terra;-;-;-;-;-;-;-;-;-;-;-;-;-;-;-;PA2023-11.478;-;-;-;PA2023-11.478;-;-;-;AP-0;Classe I;-;-;-;0;-;-;-;-;Interditado;PA2019-2470;PA2019-2470;;-
SNPY;MG0013;SÃO SEBASTIÃO DO PARAÍSO;SÃO SEBASTIÃO DO PARAÍSO;MG;20° 56' 54'' S;46° 58' 59'' W;950 m;VFR Diurno/Noturno;-;-; 05/23;1600 m;30 m;PCR 8/F/C/Y/U;Asfalto;-;-;-;-;-;-;-;-;-;-;-;-;-;-;-;PA2019-3901;-;-;-;PA2019-3901;-;-;-;AP-0;Classe I;-;-;-;0;-;-;-;-;-;-;-;;-
SNQD;PB0006;SOUSA;SOUSA;PB;6° 47' 8'' S;38° 14' 2'' W;227 m;VFR Diurno/Noturno;-;-; 15/33;1203 m;30 m;PCN 13/F/A/Y/U;Asfalto;-;-;-;-;-;-;-;-;-;-;-;-;-;-;-;PA2018-1693;-;-;-;PA2018-1693;-;-;-;AP-0;Classe I;-;-;-;0;-;-;-;-;-;-;-;;-
SNQG;PI0003;CANGAPARA;FLORIANO;PI;6° 50' 46'' S;43° 4' 41'' W;210 m;VFR Diurno/Noturno;-;-; 16/34;1800 m;30 m;PCN 6/F/C/Y/U;Asfalto;-;-;-;-;-;-;-;-;-;-;-;-;-;-;-;PA2022-7680;-;-;-;PA2022-7680;-;-;-;AP-0;Classe I;-;-;-;0;-;-;-;-;Proibição de operações de pouso de aeronaves de asa fixa com motor à reação, exceto no caso de operações de emergência médica ou de transporte de valores realizadas mediante prévia coordenação com o Operador do Aeródromo;PA2026-19.005;PA2026-19.005;;-
SNPU;MG0073;COMANDANTE VIRGILIO BORIM;PARAGUAÇU;MG;21° 33' 41'' S;45° 45' 17'' W;898 m;VFR Diurno;-;-; 07/25;900 m;30 m;PCN 8/F/C/Y/U;Terra;-;-;-;-;-;-;-;-;-;-;-;-;-;-;-;PA2021-4323;-;-;-;PA2021-4323;-;-;-;AP-0;Classe I;-;-;-;0;-;-;-;-;Interditado;PA2021-4513;PA2021-4513;;-
SNQV;MG0044;CURVELO;CURVELO;MG;18° 44' 58'' S;44° 27' 29'' W;672 m;VFR Diurno;-;-; 09/27;1200 m;23 m;5000 kg / 0,5 MPa;Asfalto;-;-;-;-;-;-;-;-;-;-;-;-;-;-;-;PA2018-3127;-;-;-;PA2018-3127;-;-;-;AP-0;Classe I;-;-;-;0;-;-;-;-;-;-;-;;-
SNPX;MG0028;PIRAPORA;PIRAPORA;MG;17° 18' 50'' S;44° 51' 31'' W;551 m;VFR Diurno;-;-; 10/28;1480 m;30 m;PCN 10/F/B/Y/U;Asfalto;-;-;-;-;-;-;-;-;-;-;-;-;-;-;-;PA2020-1087;-;-;-;PA2020-1087;-;-;-;AP-0;Classe I;-;-;-;0;-;-;-;-;-;-;-;;Portaria n° 12.881/2023 torna pública a revogação da medida cautelar de proibição de operações de pouso no aeródromo em referência, exceto no caso de operações de emergência médica ou de transporte de valores realizadas mediante prévia coordenação com o Operador do Aeródromo, aplicada por meio da Decisão sobre Medida Cautelar nº 25/2022/GFIC/SIA, de 18 de novembro de 2022, ao aeródromo público Pirapora, CIAD MG0028, código OACI SNPX, localizado em Pirapora/MG.
SNRD;BA0048;PRADO;PRADO;BA;17° 17' 49'' S;39° 16' 19'' W;27 m;VFR Diurno;-;-; 11/29;1166 m;30 m;PCN 8/F/C/Y/U;Asfalto;-;-;-;-;-;-;-;-;-;-;-;-;-;-;-;PA2018-1208;-;-;-;PA2018-1208;-;-;-;AP-0;Classe I;4ª;-;-;0;-;-;-;-;-;-;-;;-
SNRM;BA0022;REMANSO;REMANSO;BA;9° 34' 48'' S;42° 6' 57'' W;406 m;VFR Diurno;-;-; 11/29;1360 m;30 m;PCN 8/F/C/Y/U;Asfalto;-;-;-;-;-;-;-;-;-;-;-;-;-;-;-;PA2016-0401;-;-;-;PA2016-0401;-;-;-;AP-0;Classe I;-;-;-;0;-;-;-;-;-;-;-;;-
SNRP;MG0066;RIO PARANAÍBA;RIO PARANAÍBA;MG;19° 12' 45'' S;46° 14' 26'' W;1145 m;VFR Diurno;-;-; 17/35;550 m;22 m;4000 kg / 0,5 MPa;Terra;-;-;-;-;-;-;-;-;-;-;-;-;-;-;-;PA2020-0982;-;-;-;PA2020-0982;-;-;-;AP-0;Classe I;-;-;-;0;-;-;-;-;-;-;-;;-
SNRU;PE0004;CARUARU;CARUARU;PE;8° 17' 4'' S;36° 0' 39'' W;576 m;VFR Diurno;-;-; 13/31;1800 m;30 m;PCN 30/F/A/X/U;Asfalto;-;-;-;-;-;-;-;-;-;-;-;-;-;-;-;PA2020-1090;-;-;-;PA2020-1090;-;-;-;AP-1;Classe I;-;-;-;0;-;-;-;-;-;-;-;;-
SNQU;BA0032;MUCUGÊ;MUCUGÊ;BA;13° 1' 54'' S;41° 26' 40'' W;1055 m;VFR Diurno;-;-; 07/25;1400 m;19 m;PCN 6/F/C/Z/U;Asfalto;-;-;-;-;-;-;-;-;-;-;-;-;-;-;-;PA2022-9471;-;-;-;PA2022-9471;-;-;-;AP-0;Classe I;-;-;-;0;-;-;-;-;-;-;-;;Portaria n° 12.796/2023 torna pública a revogação da medida cautelar de proibição de operações de pouso, aplicada por meio da Decisão sobre Medida Cautelar nº 30/2019/GFIC/SIA, de 14 de outubro de 2019.
SNRZ;MG0049;OLIVEIRA;OLIVEIRA;MG;20° 42' 52'' S;44° 51' 55'' W;1015 m;VFR Diurno/Noturno;-;-; 03/21;1180 m;18 m;5700 kg / 0,5 MPa;Asfalto;-;-;-;-;-;-;-;-;-;-;-;-;-;-;-;PA2020-2420;-;-;-;PA2020-2420;-;-;-;AP-0;Classe I;-;-;-;0;-;-;-;-;-;-;-;;-
SNSE;BA0056;SENTO SÉ;SENTO SÉ;BA;9° 45' 27'' S;41° 51' 18'' W;398 m;VFR Diurno;-;-; 15/33;1195 m;19 m;PCN 10/F/B/Y/U;Cascalho;-;-;-;-;-;-;-;-;-;-;-;-;-;-;-;PA2014-1707;-;-;-;PA2014-1707;-;-;-;AP-0;Classe I;-;-;-;0;-;-;-;-;-;-;-;;-
SNQX;CE0010;QUIXADÁ;QUIXADÁ;CE;4° 58' 44'' S;38° 59' 16'' W;225 m;VFR Diurno;-;-; 14/32;1200 m;30 m;PCN 17/F/A/X/T;Asfalto;-;-;-;-;-;-;-;-;-;-;-;-;-;-;-;PA2020-1076;-;-;-;PA2020-1076;-;-;-;AP-0;Classe I;-;-;-;0;-;-;-;-;Proibição de operações de pouso de aeronaves de asa fixa com motor à reação (turbojato).;PA2020-0749;PA2020-0749;;-
SNRX;MA0009;RIACHÃO;RIACHÃO;MA;7° 20' 47'' S;46° 37' 39'' W;400 m;VFR Diurno;-;-; 12/30;860 m;22 m;PCN 6/F/C/Y/U;Terra;-;-;-;-;-;-;-;-;-;-;-;-;-;-;-;PA2022-9622;-;-;-;PA2022-9622;-;-;-;AP-0;Classe I;-;-;-;0;-;-;-;-;Interditado;PA2020-1040;PA2020-1040;X;-
SNSM;PA0250;SALINÓPOLIS;SALINÓPOLIS;PA;0° 41' 47'' S;47° 20' 12'' W;36 m;VFR Diurno/Noturno;-;-; 09/27;1600 m;30 m;5700 kg / 0,5 MPa;Asfalto;-;-;-;-;-;-;-;-;-;-;-;-;-;-;-;PA2021-6645;-;-;-;PA2021-6645;-;-;-;AP-1;Classe I;-;-;-;0;-;-;-;-;Proibidas as operações de pouso de aeronaves a jato na RWY 27;PA2021-6645;PA2021-6645;X;-
SNSS;MG0029;SALINAS;SALINAS;MG;16° 12' 30'' S;42° 19' 19'' W;763 m;VFR Diurno;-;-; 18/36;1480 m;30 m;PCN 8/F/B/Y/T;Asfalto;-;-;-;-;-;-;-;-;-;-;-;-;-;-;-;PA2019-2065;-;-;-;PA2019-2065;-;-;-;AP-1;Classe I;-;-;-;0;-;-;-;-;-;-;-;;-
SNTF;BA0016;TEIXEIRA DE FREITAS;TEIXEIRA DE FREITAS;BA;17° 31' 28'' S;39° 40' 6'' W;105 m;VFR Diurno/Noturno;-;-; 11/29;1460 m;30 m;PCN 31/F/A/X/T;Asfalto;-;-;-;-;-;-;-;-;-;-;-;-;-;-;-;PA2022-9625;-;-;-;PA2022-9625;-;-;-;AP-1;Classe I;4ª;-;-;0;-;-;-;-;-;-;-;;-
SNTI;PA0016;ÓBIDOS;ÓBIDOS;PA;1° 52' 5'' S;55° 30' 52'' W;100 m;VFR Diurno;-;-; 10/28;1520 m;30 m;PCN 9/F/C/Y/U;Asfalto;-;-;-;-;-;-;-;-;-;-;-;-;-;-;-;PA2017-2710;-;-;-;PA2017-2710;-;-;-;AP-0;Classe I;-;-;-;0;-;-;-;-;-;-;-;X;-
SNSG;PE0008;SALGUEIRO;SALGUEIRO;PE;8° 2' 48'' S;39° 8' 2'' W;469 m;VFR Diurno;-;-; 17/35;1300 m;30 m;PCN 6/F/B/Y/U;Asfalto;-;-;-;-;-;-;-;-;-;-;-;-;-;-;-;PA2018-1374;-;-;-;PA2018-1374;-;-;-;AP-0;Classe I;-;-;-;0;-;-;-;-;Interditado;PA2020-0999;PA2020-0999;;-
SNTQ;BA0053;BURITIRAMA;BURITIRAMA;BA;10° 43' 18'' S;43° 39' 13'' W;499 m;VFR Diurno;-;-; 11/29;1116 m;26 m;5700 kg / 0,5 MPa;Asfalto;-;-;-;-;-;-;-;-;-;-;-;-;-;-;-;PA2015-2911;-;-;-;PA2015-2911;-;-;-;AP-0;Classe I;-;-;-;0;-;-;-;-;-;-;-;;-
SNTS;PB0005;BRIGADEIRO FIRMINO AYRES;PATOS;PB;7° 2' 16'' S;37° 15' 27'' W;265 m;VFR Diurno/Noturno;-;-; 12/30;1600 m;30 m;PCN 14/F/A/Y/T;Asfalto;-;-;-;-;-;-;-;-;-;-;-;-;-;-;-;PA2021-4760;-;-;-;PA2021-4760;-;-;-;AP-1;Classe I;-;-;-;0;-;-;-;-;-;-;-;;-
SNUB;MG0058;UBÁ;UBÁ;MG;21° 7' 12'' S;42° 53' 1'' W;317 m;VFR Diurno;-;-; 16/34;1402 m;30 m;PCN 8/F/C/Y/U;Asfalto;-;-;-;-;-;-;-;-;-;-;-;-;-;-;-;PA2022-8725;-;-;-;PA2022-8725;-;-;-;AP-0;Classe I;-;-;-;0;-;-;-;-;-;-;-;;-
SNUH;MG0054;PIUMHI;PIUMHI;MG;20° 26' 20'' S;45° 59' 32'' W;751 m;VFR Diurno;-;-; 07/25;1148 m;30 m;PCN 14/F/A/Y/T;Asfalto;-;-;-;-;-;-;-;-;-;-;-;-;-;-;-;PA2020-1981;-;-;-;PA2020-1981;-;-;-;AP-0;Classe I;-;-;-;0;-;-;-;-;-;-;-;;-
SNUI;MG0045;ARAÇUAÍ;ARAÇUAÍ;MG;16° 51' 7'' S;42° 2' 46'' W;328 m;VFR Diurno;-;-; 08/26;1200 m;30 m;PCN 10/F/B/Y/T;Asfalto;-;-;-;-;-;-;-;-;-;-;-;-;-;-;-;PA2021-3956;-;-;-;PA2021-3956;-;-;-;AP-0;Classe I;-;-;-;0;-;-;-;-;-;-;-;;-
SNUN;MG0055;UNAÍ;UNAÍ;MG;16° 21' 14'' S;46° 55' 37'' W;600 m;VFR Diurno;-;-; 17/35;1185 m;30 m;PCN 10/F/C/X/U;Asfalto;-;-;-;-;-;-;-;-;-;-;-;-;-;-;-;PA2022-9737;-;-;-;PA2022-9737;-;-;-;AP-0;Classe I;-;-;-;0;-;-;-;-;Interditado;-;-;;Interdição noticiada por meio do Ofício nº 149/2013/SIA/ANAC
SNSI;MG0076;SANTA MARIA DO SUAÇUÍ;SANTA MARIA DO SUAÇUÍ;MG;18° 11' 55'' S;42° 27' 58'' W;480 m;VFR Diurno;-;-; 04/22;740 m;18 m;2500 kg / 0,5 MPa;Terra;-;-;-;-;-;-;-;-;-;-;-;-;-;-;-;PA2022-6997;-;-;-;PA2022-6997;-;-;-;AP-0;Classe I;-;-;-;0;-;-;-;-;Interditado;PA2020-2489;PA2020-2489;;-
SNVC;MG0074;VIÇOSA;VIÇOSA;MG;20° 44' 42'' S;42° 50' 29'' W;659 m;VFR Diurno;-;-; 17/35;1105 m;30 m;5000 kg / 0,5 MPa;Asfalto;-;-;-;-;-;-;-;-;-;-;-;-;-;-;-;PA2023-10.661;-;-;-;PA2023-10.661;-;-;-;AP-0;Classe I;-;-;-;0;-;-;-;-;-;-;-;;-
SNVD;BA0050;SANTA MARIA DA VITÓRIA;SANTA MARIA DA VITÓRIA;BA;13° 24' 17'' S;44° 13' 23'' W;465 m;VFR Diurno;-;-; 10/28;1300 m;30 m;PCN 8/F/C/Y/U;Asfalto;-;-;-;-;-;-;-;-;-;-;-;-;-;-;-;PA2023-11.292;-;-;-;PA2023-11.292;-;-;-;AP-0;Classe I;-;-;-;0;-;-;-;-;-;-;-;;-
SNVI;MG0035;MELLO VIANA;TRÊS CORAÇÕES;MG;21° 47' 21'' S;45° 16' 5'' W;976 m;VFR Diurno/Noturno;-;-; 04/22;1300 m;23 m;PCN 10/F/B/Y/T;Asfalto;-;-;-;-;-;-;-;-;-;-;-;-;-;-;-;PA2019-2431;-;-;-;PA2019-2431;-;-;-;AP-0;Classe I;-;-;-;0;-;-;-;-;-;-;-;;-
SNVS;PA0015;BREVES;BREVES;PA;1° 38' 11'' S;50° 26' 36'' W;30 m;VFR Diurno;-;-; 07/25;1600 m;30 m;PCN 27/F/B/X/T;Asfalto;-;-;-;-;-;-;-;-;-;-;-;-;-;-;-;PA2016-0724;-;-;-;PA2016-0724;-;-;-;AP-1;Classe I;4ª;-;-;0;-;-;-;-;Proibição de operações de pouso de aeronaves com PMD igual ou superior a 5700kg, exceto no caso de operações de emergência médica ou de transporte de valores realizadas mediante prévia coordenação com o Operador do Aeródromo.;PA2025-17.438;PA2025-17.438;X;-
SNWC;CE0011;CAMOCIM;CAMOCIM;CE;2° 53' 45'' S;40° 51' 32'' W;14 m;VFR Diurno/Noturno;-;-; 14/32;1200 m;30 m;PCN 14/F/B/Y/U;Asfalto;-;-;-;-;-;-;-;-;-;-;-;-;-;-;-;PA2020-1190;-;-;-;PA2020-1190;-;-;-;AP-0;Classe I;-;-;-;0;-;-;-;-;-;-;-;;-
SNWS;CE0005;CRATEÚS;CRATEÚS;CE;5° 12' 40'' S;40° 42' 15'' W;318 m;VFR Diurno/Noturno;-;-; 08/26;1500 m;30 m;PCN 12/F/C/Y/U;Asfalto;-;-;-;-;-;-;-;-;-;-;-;-;-;-;-;PA2020-3477;-;-;-;PA2020-3477;-;-;-;AP-1;Classe I;-;-;-;0;-;-;-;-;-;-;-;;-
SNXB;MG0025;CAXAMBU;CAXAMBU;MG;21° 55' 3'' S;44° 58' 10'' W;874 m;VFR Diurno/Noturno;-;-; 09/27;1500 m;30 m;PCN 8/F/C/X/U;Asfalto;-;-;-;-;-;-;-;-;-;-;-;-;-;-;-;PA2020-1077;-;-;-;PA2020-1077;-;-;-;AP-0;Classe I;-;-;-;0;-;-;-;-;-;-;-;;-
SNTO;MG0048;JUSCELINO KUBITSCHECK;TEÓFILO OTONI;MG;17° 53' 27'' S;41° 30' 54'' W;480 m;VFR Diurno/Noturno;-;-; 11/29;1190 m;23 m;PCN 10/F/B/Y/U;Asfalto;-;-;-;-;-;-;-;-;-;-;-;-;-;-;-;PA2020-1559;-;-;-;PA2020-1559;-;-;-;AP-1;Classe I;4ª;-;-;0;-;-;-;-;-;-;-;;-
SNYA;PA0024;AERÓDROMO PÚBLICO DE ALMEIRIM;ALMEIRIM;PA;1° 28' 45'' S;52° 34' 41'' W;178 m;VFR Diurno;-;-; 06/24;1200 m;30 m;PCN 7/F/B/Y/U;Piçarra;-;-;-;-;-;-;-;-;-;-;-;-;-;-;-;PA2015-0560;-;-;-;PA2015-0560;-;-;-;AP-1;Classe I;-;-;-;0;-;-;-;-;-;-;-;X;-
SNYB;MG0047;TITO TEIXEIRA;ITUIUTABA;MG;19° 0' 5'' S;49° 29' 14'' W;612 m;VFR Diurno;-;-; 03/21;1782 m;30 m;PCN 8/F/B/X/U;Asfalto;-;-;-;-;-;-;-;-;-;-;-;-;-;-;-;PA2023-10.895;-;-;-;PA2023-10.895;-;-;-;AP-0;Classe I;-;-;-;0;-;-;-;-;-;-;-;;-
SNVB;BA0008;VALENÇA;VALENÇA;BA;13° 17' 47'' S;38° 59' 33'' W;5 m;VFR Diurno/Noturno;-;-; 04/22;1800 m;30 m;PCN 55/F/B/X/T;Asfalto;-;-;-;-;-;-;-;-;-;-;-;-;-;-;-;PA2015-3090;-;-;-;PA2015-3090;-;-;-;AP-0;Classe I;3ª;-;-;0;-;-;-;-;Proibição de operação da aviação comercial regular e na modalidade de operação charter no aeródromo em referência.;PA2021-5832;PA2021-5832;;-
SNYU;MG0014;ITURAMA;ITURAMA;MG;19° 43' 2'' S;50° 13' 13'' W;475 m;VFR Diurno/Noturno;-;-; 18/36;1550 m;30 m;PCN 10/F/A/Y/T;Asfalto;-;-;-;-;-;-;-;-;-;-;-;-;-;-;-;PA2020-2411;-;-;-;PA2020-2411;-;-;-;AP-0;Classe I;-;-;-;0;-;-;-;-;-;-;-;;-
SNZA;MG0038;POUSO ALEGRE;POUSO ALEGRE;MG;22° 17' 20'' S;45° 55' 10'' W;885 m;VFR Diurno/Noturno;-;-; 02/20;1280 m;30 m;PCN 14/F/A/Y/T;Asfalto;-;-;-;-;-;-;-;-;-;-;-;-;-;-;-;PA2020-3470;-;-;-;PA2020-3470;-;-;-;AP-0;Classe I;3ª;-;-;0;-;-;-;-;-;-;-;;-
SNZR;MG0026;PEDRO RABELO DE SOUZA;PARACATU;MG;17° 14' 34'' S;46° 52' 59'' W;730 m;VFR Diurno;-;-; 11/29;1500 m;30 m;PCN 11/F/C/Y/T;Asfalto;-;-;-;-;-;-;-;-;-;-;-;-;-;-;-;PA2023-11.540;-;-;-;PA2023-11.540;-;-;-;AP-1;Classe I;4ª;-;-;0;-;-;-;-;-;-;-;;-
SSAB;PR0024;MOISÉS LUPION;IBAITI;PR;23° 45' 46'' S;50° 15' 47'' W;636 m;VFR Diurno;-;-; 05/23;1200 m;18 m;5700 kg / 0,5 MPa;Asfalto;-;-;-;-;-;-;-;-;-;-;-;-;-;-;-;PA2023-11.734;-;-;-;PA2023-11.734;-;-;-;AP-0;Classe I;-;-;-;0;-;-;-;-;Proibição de operações de pouso, exceto no caso de operações de emergência médica ou de transporte de valores realizadas mediante prévia coordenação com o Operador do Aeródromo.;PA2021-6638;PA2021-6638;;-
SSAE;RS0040;ARROIO GRANDE;ARROIO GRANDE;RS;32° 13' 45'' S;53° 3' 21'' W;49 m;VFR Diurno;-;-; 06/24;1000 m;18 m;5700 kg / 0,5 MPa;Terra;-;-;-;-;-;-;-;-;-;-;-;-;-;-;-;PA2018-2952;-;-;-;PA2018-2952;-;-;-;AP-0;Classe I;-;-;-;0;-;-;-;-;-;-;-;;-
SSAK;RS0048;CARLOS RUHL;CRUZ ALTA;RS;28° 39' 31'' S;53° 36' 41'' W;481 m;VFR Diurno;-;-; 08/26;800 m;42 m;2500 kg / 0,5 MPa;Grama; 17/35;650 m;46 m;2500 kg / 0,5 MPa;Grama;-;-;-;-;-;-;-;-;-;-;PA2020-2975;-;-;-;PA2020-2975;-;-;-;AP-0;Classe I;-;-;-;0;-;-;-;-;-;-;-;;-
SSAN;PR0032;JOÃO GALDINO;ANDIRÁ;PR;23° 1' 38'' S;50° 13' 37'' W;490 m;VFR Diurno;-;-; 09/27;1000 m;23 m;5600 kg / 0,5 MPa;Asfalto;-;-;-;-;-;-;-;-;-;-;-;-;-;-;-;PA2023-11.902;-;-;-;PA2023-11.902;-;-;-;AP-0;Classe I;-;-;-;0;-;-;-;-;-;-;-;;-
SSAP;PR0014;CAPITÃO JOÃO BUSSE;APUCARANA;PR;23° 36' 44'' S;51° 23' 6'' W;800 m;VFR Diurno/Noturno;-;-; 10/28;1400 m;30 m;PCN 11/F/C/X/T;Asfalto;-;-;-;-;-;-;-;-;-;-;-;-;-;-;-;PA2020-1193;-;-;-;PA2020-1193;-;-;-;AP-0;Classe I;4ª;-;-;0;-;-;-;-;-;-;-;;-
SSAQ;RS0036;AEROCLUBE DE PASSO FUNDO;PASSO FUNDO;RS;28° 15' 2'' S;52° 31' 0'' W;600 m;VFR Diurno;-;-; 15/33;1080 m;35 m;5700 kg / 0,5 MPa;Grama; 17/35;940 m;18 m;5700 kg / 0,5 MPa;Grama;-;-;-;-;-;-;-;-;-;-;PA2018-0468;-;-;-;PA2018-0468;-;-;-;AP-0;Classe I;-;-;-;0;-;-;-;-;-;-;-;;-
SSBL;SC0019;BLUMENAU;BLUMENAU;SC;26° 49' 54'' S;49° 5' 37'' W;18 m;VFR Diurno;-;-; 01/19;1080 m;30 m;PCN 17/F/C/Y/U;Asfalto;-;-;-;-;-;-;-;-;-;-;-;-;-;-;-;PA2023-11.753;-;-;-;PA2023-11.753;-;-;-;AP-0;Classe I;4ª;-;-;0;-;-;-;-;-;-;-;;-
SSBN;RS0002;BELÉM NOVO;PORTO ALEGRE;RS;30° 11' 21'' S;51° 10' 57'' W;5 m;VFR Diurno;-;-; 09/27;1103 m;23 m;5700 kg / 0,5 MPa;Asfalto;-;-;-;-;-;-;-;-;-;-;-;-;-;-;-;PA2019-2615;-;-;-;PA2019-2615;-;-;-;AP-0;Classe I;-;-;-;0;-;-;-;-;-;-;-;;-
SNXQ;BA0018;XIQUE-XIQUE;XIQUE-XIQUE;BA;10° 50' 3'' S;42° 41' 0'' W;427 m;VFR Diurno;-;-; 13/31;1420 m;20 m;PCN 8/F/C/Y/U;Asfalto;-;-;-;-;-;-;-;-;-;-;-;-;-;-;-;PA2022-9620;-;-;-;PA2022-9620;-;-;-;AP-0;Classe I;-;-;-;0;-;-;-;-;-;-;-;;Portaria SIA n° 17.231/2025 torna pública a revogação da medida cautelar de proibição de operações de pouso, aplicada por meio da Decisão sobre Medida Cautelar nº 45/2021/GFIC/SIA, de 28 de outubro de 2021, ao aeródromo de uso público Xique-xique, CIAD BA0018, código OACI SNXQ, localizado em Xique-xique (BA).
SSCD;MS0007;CHAPADÃO DO SUL;CHAPADÃO DO SUL;MS;18° 50' 21'' S;52° 29' 17'' W;818 m;VFR Diurno/Noturno;-;-; 05/23;2000 m;30 m;PCN 30/F/C/X/T;Asfalto;-;-;-;-;-;-;-;-;-;-;-;-;-;-;-;PA2018-2968;-;-;-;PA2018-2968;-;-;-;AP-0;Classe I;-;-;-;0;-;-;-;-;-;-;-;;-
SSCI;MS0012;COXIM;COXIM;MS;18° 28' 53'' S;54° 42' 57'' W;294 m;VFR Diurno;-;-; 02/20;1300 m;23 m;PCN 13/F/A/X/T;Asfalto;-;-;-;-;-;-;-;-;-;-;-;-;-;-;-;PA2022-8296;-;-;-;PA2022-8296;-;-;-;AP-0;Classe I;-;-;-;0;-;-;-;-;-;-;-;;-
SSCK;SC0010;OLAVO CECCO RIGON;CONCÓRDIA;SC;27° 10' 50'' S;52° 3' 4'' W;751 m;VFR Diurno/Noturno;-;-; 15/33;1480 m;18 m;PCN 12/F/B/Y/U;Asfalto;-;-;-;-;-;-;-;-;-;-;-;-;-;-;-;PA2013-3070;-;-;-;PA2013-3070;-;-;-;AP-0;Classe I;4ª;-;-;0;-;-;-;-;-;-;-;;-
SNYE;MA0004;PINHEIRO;PINHEIRO;MA;2° 28' 39'' S;45° 6' 18'' W;20 m;VFR Diurno;-;-; 09/27;1740 m;30 m;PCN 29/F/C/X/T;Asfalto;-;-;-;-;-;-;-;-;-;-;-;-;-;-;-;PA2020-0706;-;-;-;PA2020-0706;-;-;-;AP-0;Classe I;-;-;-;0;-;-;-;-;Proibição de operações de pouso de aeronaves de asa fixa com motor à reação (turbojato).;PA2022-6928;PA2022-6928;X;-
SSCN;RS0019;CANELA;CANELA;RS;29° 22' 14'' S;50° 49' 56'' W;827 m;VFR Diurno;-;-; 06/24;1260 m;18 m;PCN 300/F/C/X/T;Asfalto;-;-;-;-;-;-;-;-;-;-;-;-;-;-;-;PA2019-2752;-;-;-;PA2019-2752;-;-;-;AP-0;Classe I;4ª;-;-;0;-;-;-;-;-;-;-;;Portaria SIA n° 15.498/2024 torna pública a revogação da medida administrativa cautelar ao aeródromo público de Canela, Código Identificador de Aeródromo - CIAD RS0019, indicador de localidade OACI SSCN, localizado em Canela/RS.
SSCP;PR0015;FRANCISCO LACERDA JÚNIOR;CORNÉLIO PROCÓPIO;PR;23° 9' 9'' S;50° 36' 9'' W;567 m;VFR Diurno;-;-; 06/24;1400 m;30 m;PCN 8/F/C/Y/U;Asfalto;-;-;-;-;-;-;-;-;-;-;-;-;-;-;-;PA2020-1192;-;-;-;PA2020-1192;-;-;-;AP-0;Classe I;4ª;-;-;0;-;-;-;-;-;-;-;;-
SSCB;SP0044;MUNICIPAL DE CASA BRANCA;CASA BRANCA;SP;21° 47' 17'' S;47° 3' 20'' W;712 m;VFR Diurno;-;-; 09/27;1154 m;20 m;PCR -/-/-/-/-;Terra;-;-;-;-;-;-;-;-;-;-;-;-;-;-;-;PA2017-2128;-;-;-;PA2017-2128;-;-;-;AP-0;Classe I;-;-;-;0;-;-;-;-;Proibição de operações de pouso de aeronaves de asa fixa com motor à reação (turbojato);PA2017-2128;PA2017-2128;;-
SSCT;PR0025;ENGENHEIRO GASTÃO DE MESQUITA FILHO;CIANORTE;PR;23° 41' 30'' S;52° 38' 32'' W;540 m;VFR Diurno/Noturno;-;-; 04/22;1220 m;23 m;5700 kg / 0,62 MPa;Asfalto;-;-;-;-;-;-;-;-;-;-;-;-;-;-;-;PA2016-0114;-;-;-;PA2016-0114;-;-;-;AP-0;Classe I;4ª;-;-;0;-;-;-;-;-;-;-;;-
SSEE;RS0054;REGIONAL DO VALE DO TAQUARI;ESTRELA;RS;29° 27' 12'' S;51° 56' 3'' W;32 m;VFR Diurno;-;-; 06/24;570 m;18 m;4000 kg / 0,5 MPa;Grama;-;-;-;-;-;-;-;-;-;-;-;-;-;-;-;PA2017-3024;-;-;-;PA2017-3024;-;-;-;AP-0;Classe I;-;-;-;0;-;-;-;-;-;-;-;;-
SSEP;RS0031;SÃO SEPÉ;SÃO SEPÉ;RS;30° 10' 56'' S;53° 34' 46'' W;153 m;VFR Diurno;-;-; 14/32;1140 m;18 m;5700 kg / 0,62 MPa;Saibro;-;-;-;-;-;-;-;-;-;-;-;-;-;-;-;PA2021-3955;-;-;-;PA2021-3955;-;-;-;AP-0;Classe I;-;-;-;0;-;-;-;-;-;-;-;;-
SSER;RS0018;ERECHIM;ERECHIM;RS;27° 39' 48'' S;52° 16' 19'' W;761 m;VFR Diurno/Noturno;-;-; 14/32;1280 m;30 m;PCN 11/F/B/X/U;Asfalto;-;-;-;-;-;-;-;-;-;-;-;-;-;-;-;PA2022-8035;-;-;-;PA2022-8035;-;-;-;AP-0;Classe I;-;-;-;0;-;-;-;-;-;-;-;;-
SSEZ;RS0050;ESPUMOSO;ESPUMOSO;RS;28° 44' 17'' S;52° 51' 20'' W;390 m;VFR Diurno;-;-; 08/26;720 m;18 m;2000 kg / 0,5 MPa;Grama;-;-;-;-;-;-;-;-;-;-;-;-;-;-;-;PA2015-2869;-;-;-;PA2015-2869;-;-;-;AP-0;Classe I;-;-;-;0;-;-;-;-;-;-;-;;-
SSFB;PR0021;PAULO ABDALA;FRANCISCO BELTRÃO;PR;26° 3' 32'' S;53° 3' 48'' W;644 m;VFR Diurno/Noturno;-;-; 07/25;1390 m;30 m;PCN 11/F/C/Y/U;Asfalto;-;-;-;-;-;-;-;-;-;-;-;-;-;-;-;PA2018-2357;-;-;-;PA2018-2357;-;-;-;AP-0;Classe I;4ª;-;-;0;-;-;-;-;-;-;-;;-
SSCR;PR0016;BALDUINO HELMUTH JOPE;MARECHAL CÂNDIDO RONDON;PR;24° 30' 46'' S;54° 3' 17'' W;421 m;VFR Diurno;-;-; 01/19;1400 m;30 m;PCN 10/F/C/Y/U;Asfalto;-;-;-;-;-;-;-;-;-;-;-;-;-;-;-;PA2024-13.523;-;-;-;PA2024-13.523;-;-;-;AP-0;Classe I;4ª;-;-;0;-;-;-;-;-;-;-;;Portaria n° 14.507/2024 torna pública a revogação da medida cautelar de proibição de operações de pouso, aplicada por meio da Decisão sobre Medida Cautelar nº 1/2023/GFIC/SIA, de 19 de janeiro de 2023, ao aeródromo público Balduíno Helmuth Jope, CIAD PR0016, código OACI SSCR, localizado em Marechal Cândido Randon/PR.
SSGA;RS0020;GARIBALDI;GARIBALDI;RS;29° 16' 6'' S;51° 31' 56'' W;680 m;VFR Diurno;-;-; 15/33;1200 m;30 m;PCN 8/F/C/Y/U;Asfalto;-;-;-;-;-;-;-;-;-;-;-;-;-;-;-;PA2020-1563;-;-;-;PA2020-1563;-;-;-;AP-0;Classe I;-;-;-;0;-;-;-;-;-;-;-;;-
SSGB;PR0035;MUNICIPAL DE GUARATUBA;GUARATUBA;PR;25° 52' 50'' S;48° 36' 44'' W;15 m;VFR Diurno;-;-; 02/20;1000 m;18 m;2500 kg / 0,5 MPa;Asfalto;-;-;-;-;-;-;-;-;-;-;-;-;-;-;-;PA2020-3250;-;-;-;PA2020-3250;-;-;-;AP-0;Classe I;4ª;-;-;0;-;-;-;-;-;-;-;;-
SSGW;PR0037;MANOEL RIBAS;GOIOERÊ;PR;24° 13' 11'' S;53° 2' 38'' W;491 m;VFR Diurno;-;-; 05/23;999 m;18 m;PCN 8/F/B/Y/U;Asfalto;-;-;-;-;-;-;-;-;-;-;-;-;-;-;-;PA2019-1478;-;-;-;PA2019-1478;-;-;-;AP-0;Classe I;-;-;-;0;-;-;-;-;-;-;-;;-
SSGY;PR0023;GUAÍRA;GUAÍRA;PR;24° 4' 47'' S;54° 11' 17'' W;271 m;VFR Diurno;-;-; 08/26;1300 m;30 m;PCN 24/F/D/X/T;Asfalto;-;-;-;-;-;-;-;-;-;-;-;-;-;-;-;PA2022-7099;-;-;-;PA2022-7099;-;-;-;AP-1;Classe I;4ª;-;-;0;-;-;-;-;-;-;-;;-
SSHZ;RS0037;WALTER BÜNDCHEN;HORIZONTINA;RS;27° 38' 18'' S;54° 20' 20'' W;310 m;VFR Diurno;-;-; 16/34;1050 m;18 m;PCN 6/F/C/Y/U;Asfalto;-;-;-;-;-;-;-;-;-;-;-;-;-;-;-;PA2019-1419;-;-;-;PA2019-1419;-;-;-;AP-0;Classe I;-;-;-;0;-;-;-;-;-;-;-;;-
SSIE;MS0002;TERUEL IPANEMA ESTÂNCIA;CAMPO GRANDE;MS;20° 36' 14'' S;54° 35' 43'' W;528 m;VFR Diurno;-;-; 06/24;1500 m;20 m;5700 kg / 0,5 MPa;Asfalto;-;-;-;-;-;-;-;-;-;-;-;-;-;-;-;PA2020-1075;-;-;-;PA2020-1075;-;-;-;AP-0;Classe I;-;-;-;0;-;-;-;-;-;-;-;;-
SSIJ;RS0032;IJUÍ;IJUÍ;RS;28° 22' 7'' S;53° 50' 47'' W;365 m;VFR Diurno/Noturno;-;-; 18/36;1280 m;23 m;PCN 8/F/C/Y/U;Asfalto;-;-;-;-;-;-;-;-;-;-;-;-;-;-;-;PA2020-1835;-;-;-;PA2020-1835;-;-;-;AP-0;Classe I;-;-;-;0;-;-;-;-;-;-;-;;-
SSIR;RS0049;IBIRUBÁ;IBIRUBÁ;RS;28° 36' 15'' S;53° 4' 43'' W;457 m;VFR Diurno;-;-; 11/29;900 m;18 m;5000 kg / 0,5 MPa;Grama;-;-;-;-;-;-;-;-;-;-;-;-;-;-;-;PA2016-2358;-;-;-;PA2016-2358;-;-;-;AP-0;Classe I;-;-;-;0;-;-;-;-;-;-;-;;-
SSJA;SC0014;SANTA TEREZINHA;JOAÇABA;SC;27° 10' 17'' S;51° 33' 12'' W;782 m;VFR Diurno/Noturno;-;-; 15/33;1215 m;30 m;#REF!;Asfalto;-;-;-;-;-;-;-;-;-;-;-;-;-;-;-;PA2023-12.300;-;-;-;PA2023-12.300;-;-;-;AP-0;Classe I;4ª;-;-;0;-;-;-;-;-;-;-;;-
SSJI;MS0019;JARDIM;JARDIM;MS;21° 29' 34'' S;56° 9' 9'' W;321 m;VFR Diurno;-;-; 18/36;950 m;15 m;PCN 8/F/B/X/T;Asfalto;-;-;-;-;-;-;-;-;-;-;-;-;-;-;-;PA2022-8719;-;-;-;PA2022-8719;-;-;-;AP-0;Classe I;-;-;-;0;-;-;-;-;-;-;-;;-
SSIQ;RS0045;ITAQUI;ITAQUI;RS;29° 10' 19'' S;56° 32' 18'' W;84 m;VFR Diurno;-;-; 15/33;966 m;23 m;1800 kg / 0,5 MPa;Grama;-;-;-;-;-;-;-;-;-;-;-;-;-;-;-;PA2020-1288;-;-;-;PA2020-1288;-;-;-;AP-0;Classe I;-;-;-;0;-;-;-;-;Interditado;PA2019-3520;PA2019-3520;;-
SSKG;MS0003;ESTÂNCIA SANTA MARIA;CAMPO GRANDE;MS;20° 30' 20'' S;54° 31' 29'' W;618 m;VFR Diurno/Noturno;-;-; 06/24;1500 m;30 m;PCN 17/F/C/X/T;Asfalto;-;-;-;-;-;-;-;-;-;-;-;-;-;-;-;PA2020-1390;-;-;-;PA2020-1390;-;-;-;AP-0;Classe I;4ª;-;-;0;-;-;-;-;-;-;-;;-
SSKK;RS0052;CAPÃO DA CANOA;CAPÃO DA CANOA;RS;29° 45' 49'' S;50° 2' 13'' W;10 m;VFR Diurno;-;-; 08/26;700 m;27 m;2500 kg / 0,5 MPa;Grama;-;-;-;-;-;-;-;-;-;-;26  10;quadrado;20 m x20 m;4 t;Asfalto;PA2020-0979;-;-;-;PA2020-0979;-;-;-;AP-0;Classe I;-;-;-;0;-;-;-;-;-;-;-;;Proibidas operações de pouso na RWY 08
SSKM;PR0017;CAMPO MOURÃO;CAMPO MOURÃO;PR;24° 0' 9'' S;52° 21' 25'' W;574 m;VFR Diurno/Noturno;-;-; 02/20;1370 m;30 m;PCN 14/F/C/Y/U;Asfalto;-;-;-;-;-;-;-;-;-;-;-;-;-;-;-;PA2020-0578;-;-;-;PA2020-0578;-;-;-;AP-0;Classe I;4ª;-;-;0;-;-;-;-;-;-;-;;-
SSKS;RS0039;BRIGADEIRO NERO MOURA;CACHOEIRA DO SUL;RS;30° 0' 8'' S;52° 56' 25'' W;77 m;VFR Diurno;-;-; 12/30;1020 m;18 m;PCN 10/F/B/Y/T;Asfalto;-;-;-;-;-;-;-;-;-;-;-;-;-;-;-;PA2020-3744;-;-;-;PA2020-3744;-;-;-;AP-0;Classe I;-;-;-;0;-;-;-;-;-;-;-;;-
SSKU;SC0016;LAURO ANTÔNIO DA COSTA;CURITIBANOS;SC;27° 17' 14'' S;50° 36' 14'' W;978 m;VFR Diurno/Noturno;-;-; 11/29;1400 m;30 m;PCN 22/F/A/Y/T;Asfalto;-;-;-;-;-;-;-;-;-;-;-;-;-;-;-;PA2020-1296;-;-;-;PA2020-1296;-;-;-;AP-0;Classe I;-;-;-;0;-;-;-;-;-;-;-;;-
SSKW;RO0004;CACOAL;CACOAL;RO;11° 29' 44'' S;61° 27' 3'' W;249 m;VFR Diurno/Noturno e IFR Diurno/Noturno;-;-; 17/35;2100 m;45 m;PCN 31/F/A/X/T;Asfalto;-;-;-;-;-;-;-;-;-;-;-;-;-;-;-;PA2020-1567;-;-;-;PA2020-1567;-;-;-;AP-1;Classe I;3ª;3C;NPA;0;PA2023-10.658;-;PA2023-10.658;-;-;-;-;X;-
SSKZ;RS0009;CARAZINHO;CARAZINHO;RS;28° 19' 18'' S;52° 49' 0'' W;590 m;VFR Diurno/Noturno;-;-; 11/29;1560 m;30 m;PCN 12/F/B/Y/T;Asfalto;-;-;-;-;-;-;-;-;-;-;-;-;-;-;-;PA2022-6995;-;-;-;PA2022-6995;-;-;-;AP-0;Classe I;4ª;-;-;0;-;-;-;-;-;-;-;;-
SSLG;RS0021;SÃO LUIZ GONZAGA;SÃO LUIZ GONZAGA;RS;28° 22' 35'' S;55° 2' 15'' W;200 m;VFR Diurno;-;-; 06/24;1200 m;60 m;PCN 8/F/C/Y/U;Saibro;-;-;-;-;-;-;-;-;-;-;-;-;-;-;-;PA2021-4950;-;-;-;PA2021-4950;-;-;-;AP-0;Classe I;-;-;-;0;-;-;-;-;-;-;-;;-
SSLN;SC0018;HELMUTH BAUNGARTEM;LONTRAS;SC;27° 9' 35'' S;49° 32' 34'' W;334 m;VFR Diurno/Noturno;-;-; 07/25;1077 m;23 m;PCN 10/F/C/Y/U;Asfalto;-;-;-;-;-;-;-;-;-;-;-;-;-;-;-;PA2020-1081;-;-;-;PA2020-1081;-;-;-;AP-0;Classe I;-;-;-;0;-;-;-;-;-;-;-;;-
SSJK;RS0028;JÚLIO DE CASTILHOS;JÚLIO DE CASTILHOS;RS;29° 9' 11'' S;53° 44' 36'' W;498 m;VFR Diurno;-;-; 12/30;1190 m;30 m;PCN 8/F/C/Y/U;Grama;-;-;-;-;-;-;-;-;-;-;-;-;-;-;-;PA2020-1301;-;-;-;PA2020-1301;-;-;-;AP-0;Classe I;-;-;-;0;-;-;-;-;Interditado;PA2020-1520;PA2020-1520;;-
SSLT;RS0022;GAUDÊNCIO MACHADO RAMOS;ALEGRETE;RS;29° 48' 45'' S;55° 53' 36'' W;125 m;VFR Diurno;-;-; 15/33;1200 m;18 m;PCN 6/F/B/X/T;Asfalto;-;-;-;-;-;-;-;-;-;-;-;-;-;-;-;PA2020-2417;-;-;-;PA2020-2417;-;-;-;AP-1;Classe I;4ª;-;-;0;-;-;-;-;-;-;-;;-
SSMJ;MS0020;MARACAJU;MARACAJU;MS;21° 38' 2'' S;55° 8' 42'' W;390 m;VFR Diurno;-;-; 01/19;800 m;30 m;5600 kg / 0,5 MPa;Grama;-;-;-;-;-;-;-;-;-;-;-;-;-;-;-;PA2020-1196;-;-;-;PA2020-1196;-;-;-;AP-0;Classe I;-;-;-;0;-;-;-;-;-;-;-;;-
SSMR;PR0026;MANOEL RIBAS;MANOEL RIBAS;PR;24° 31' 46'' S;51° 39' 6'' W;886 m;VFR Diurno;-;-; 17/35;1200 m;30 m;PCN 12/F/C/Y/U;Asfalto;-;-;-;-;-;-;-;-;-;-;-;-;-;-;-;PA2017-1810;-;-;-;PA2017-1810;-;-;-;AP-0;Classe I;-;-;-;0;-;-;-;-;-;-;-;;-
SSLO;PR0031;ATTILLIO ACCORSI;LOANDA;PR;22° 55' 4'' S;53° 8' 59'' W;470 m;VFR Diurno;-;-; 05/23;1100 m;23 m;PCN 14/F/C/Y/U;Asfalto;-;-;-;-;-;-;-;-;-;-;-;-;-;-;-;PD1980-0013;-;-;-;PD1980-0013;-;-;-;AP-0;Classe I;4ª;-;-;0;-;-;-;-;Interditado;PA2015-2631;PA2015-2631;;-
SSNB;MS0015;ARIOSTO DA RIVA;NAVIRAÍ;MS;23° 2' 3'' S;54° 10' 40'' W;406 m;VFR Diurno;-;-; 10/28;1398 m;23 m;PCN 10/F/B/Y/T;Asfalto;-;-;-;-;-;-;-;-;-;-;-;-;-;-;-;PA2021-4772;-;-;-;PA2021-4772;-;-;-;AP-0;Classe I;-;-;-;0;-;-;-;-;-;-;-;;-
SSNG;RS0046;HELIO ALVES DE OLIVEIRA;MONTENEGRO;RS;29° 43' 11'' S;51° 29' 20'' W;24 m;VFR Diurno;-;-; 13/31;932 m;23 m;5700 kg / 0,5 MPa;Grama;-;-;-;-;-;-;-;-;-;-;13  31;quadrado;18 m x18 m;3 t;Grama;PA2023-11.955;-;-;-;PA2023-11.955;-;-;-;AP-0;Classe I;-;-;-;0;-;-;-;-;-;-;-;;-
SSNH;RS0023;NOVO HAMBURGO;NOVO HAMBURGO;RS;29° 41' 57'' S;51° 4' 55'' W;15 m;VFR Diurno;-;-; 02/20;870 m;30 m;5700 kg / 0,5 MPa;Grama;-;-;-;-;-;-;-;-;-;-;-;-;-;-;-;PA2020-1592;-;-;-;PA2020-1592;-;-;-;AP-0;Classe I;-;-;-;0;-;-;-;-;-;-;-;;-
SSNP;RS0041;ILMO ALOÍSIO BLUME;NOVA PRATA;RS;28° 48' 14'' S;51° 36' 8'' W;698 m;VFR Diurno;-;-; 13/31;965 m;18 m;PCN 8/F/B/Y/T;Asfalto;-;-;-;-;-;-;-;-;-;-;-;-;-;-;-;PA2023-12.127;-;-;-;PA2023-12.127;-;-;-;AP-0;Classe I;-;-;-;0;-;-;-;-;-;-;-;;-
SSMT;RS0044;MOSTARDAS;MOSTARDAS;RS;31° 6' 4'' S;50° 54' 29'' W;18 m;VFR Diurno;-;-; 05/23;975 m;18 m;5700 kg / 0,5 MPa;Asfalto;-;-;-;-;-;-;-;-;-;-;-;-;-;-;-;PA2023-11.539;-;-;-;PA2023-11.539;-;-;-;AP-0;Classe I;-;-;-;0;-;-;-;-;Interditado;PA2019-2366;PA2019-2366;;-
SSOE;SC0015;HÉLIO WASUM;SÃO MIGUEL DO OESTE;SC;26° 46' 52'' S;53° 30' 12'' W;665 m;VFR Diurno/Noturno;-;-; 17/35;1260 m;18 m;PCN 11/F/A/Y/T;Asfalto;-;-;-;-;-;-;-;-;-;-;-;-;-;-;-;PA2020-1292;-;-;-;PA2020-1292;-;-;-;AP-0;Classe I;4ª;-;-;0;-;-;-;-;-;-;-;;-
SSNQ;MS0016;NIOAQUE;NIOAQUE;MS;21° 11' 4'' S;55° 49' 52'' W;202 m;VFR Diurno;-;-; 18/36;1200 m;18 m;5600 kg / 0,5 MPa;Terra;-;-;-;-;-;-;-;-;-;-;-;-;-;-;-;PA2023-10.664;-;-;-;PA2023-10.664;-;-;-;AP-0;Classe I;-;-;-;0;-;-;-;-;Interditado;PA2019-3450;PA2019-3450;;-
SSOI;SP0043;PEDERNEIRAS;PEDERNEIRAS;SP;22° 18' 26'' S;48° 46' 23'' W;536 m;VFR Diurno;-;-; 16/34;1165 m;20 m;PCN 7/F/B/Y/T;Asfalto;-;-;-;-;-;-;-;-;-;-;-;-;-;-;-;PA2021-5709;-;-;-;PA2021-5709;-;-;-;AP-0;Classe I;-;-;-;0;-;-;-;-;-;-;-;;-
SSOL;MG0027;PADRE ISRAEL (ISRAEL BATISTA DE CARVALHO);LAVRAS;MG;21° 14' 26'' S;44° 57' 51'' W;959 m;VFR Diurno/Noturno;-;-; 05/23;1500 m;30 m;PCN 12/F/C/Y/T;Asfalto;-;-;-;-;-;-;-;-;-;-;-;-;-;-;-;PA2021-5271;-;-;-;PA2021-5271;-;-;-;AP-0;Classe I;-;-;-;0;-;-;-;-;-;-;-;;-
SSOS;RS0042;OSÓRIO;OSÓRIO;RS;29° 54' 8'' S;50° 14' 57'' W;17 m;VFR Diurno;-;-; 11/29;950 m;25 m;5700 kg / 0,5 MPa;Grama;-;-;-;-;-;-;-;-;-;-;-;-;-;-;-;PA2020-1195;-;-;-;PA2020-1195;-;-;-;AP-0;Classe I;-;-;-;0;-;-;-;-;-;-;-;;-
SBPO;PR0018;AEROPORTO REGIONAL DE PATO BRANCO - PROFESSOR JUVENAL LOUREIRO CARDOSO;PATO BRANCO;PR;26° 13' 2'' S;52° 41' 40'' W;823 m;VFR Diurno/Noturno e IFR Diurno/Noturno;-;-; 07/25;1621 m;30 m;PCN 50/F/A/X/T;Asfalto;-;-;-;-;-;-;-;-;-;-;-;-;-;-;-;PA2021-6224;-;-;-;PA2021-6224;-;-;-;AP-1;Classe I;4ª;2C;NPA;0;PA2020-0857;PA2023-12.218;PA2020-0857;PA2023-12.218;-;-;-;;-
SSPG;PR0011;SANTOS DUMONT;PARANAGUÁ;PR;25° 32' 25'' S;48° 31' 52'' W;11 m;VFR Diurno;-;-; 06/24;1458 m;30 m;PCN 16/F/C/Y/U;Asfalto;-;-;-;-;-;-;-;-;-;-;-;-;-;-;-;PA2023-11.206;-;-;-;PA2023-11.206;-;-;-;AP-0;Classe I;4ª;-;-;0;-;-;-;-;-;-;-;;-
SSOG;PR0027;ARAPONGAS;ARAPONGAS;PR;23° 21' 10'' S;51° 29' 30'' W;794 m;VFR Diurno/Noturno;-;-; 16/34;1303 m;30 m;PCN 70/F/C/X/T;Asfalto;-;-;-;-;-;-;-;-;-;-;-;-;-;-;-;PA2023-11.992;-;-;-;PA2023-11.992;-;-;-;AP-0;Classe I;4ª;-;-;0;-;-;-;-;Proibição de operações de pouso e decolagem na Pista (RWY) 16, e proibição das operações noturnas no aeródromo;PA2023-11.728;PA2023-11.728;;-
SSPL;RS0043;PALMEIRA DAS MISSÕES;PALMEIRA DAS MISSÕES;RS;27° 54' 6'' S;53° 19' 48'' W;613 m;VFR Diurno;-;-; 05/23;1160 m;18 m;PCN 4/F/A/Y/T;Asfalto;-;-;-;-;-;-;-;-;-;-;-;-;-;-;-;PA2023-10.880;-;-;-;PA2023-10.880;-;-;-;AP-0;Classe I;-;-;-;0;-;-;-;-;-;-;-;;-
SSPM;MS0013;PORTO MURTINHO;PORTO MURTINHO;MS;21° 42' 46'' S;57° 52' 45'' W;132 m;VFR Diurno;-;-; 18/36;1600 m;30 m;PCN 15/F/B/X/T;Asfalto;-;-;-;-;-;-;-;-;-;-;-;-;-;-;-;PA2023-11.745;-;-;-;PA2023-11.745;-;-;-;AP-0;Classe I;-;-;-;0;-;-;-;-;-;-;-;;-
SSPI;PR0010;EDU CHAVES;PARANAVAÍ;PR;23° 5' 24'' S;52° 29' 19'' W;474 m;VFR Diurno;-;-; 13/31;1500 m;30 m;PCR 13/F/C/Y/U;Asfalto;-;-;-;-;-;-;-;-;-;-;-;-;-;-;-;PA2015-1832;-;-;-;PA2015-1832;-;-;-;AP-0;Classe I;4ª;-;-;0;-;-;-;-;-;-;-;;Portaria n° 11.323/2023 torna pública a revogação de medida cautelar de restrição às operações de pouso de aeronaves.
SSPS;PR0036;DIMORVAN CARRARO;PALMAS;PR;26° 28' 20'' S;51° 58' 32'' W;1100 m;VFR Diurno;-;-; 03/21;1050 m;23 m;PCN 19/F/C/Y/U;Asfalto;-;-;-;-;-;-;-;-;-;-;-;-;-;-;-;PA2020-0983;-;-;-;PA2020-0983;-;-;-;AP-0;Classe I;4ª;-;-;0;-;-;-;-;-;-;-;;-
SSPT;PR0028;BRASÍLIO MARQUES;PALOTINA;PR;24° 20' 36'' S;53° 49' 43'' W;373 m;VFR Diurno;-;-; 03/21;1100 m;18 m;5700 kg / 0,5 MPa;Asfalto;-;-;-;-;-;-;-;-;-;-;-;-;-;-;-;PA2019-3554;-;-;-;PA2019-3554;-;-;-;AP-0;Classe I;-;-;-;0;-;-;-;-;-;-;-;;-
SSPN;MS0010;PARANAÍBA;PARANAÍBA;MS;19° 39' 4'' S;51° 11' 58'' W;442 m;VFR Diurno;-;-; 14/32;1320 m;23 m;PCR 12/F/A/Y/T;Asfalto;-;-;-;-;-;-;-;-;-;-;-;-;-;-;-;PA2015-2850;-;-;-;PA2015-2850;-;-;-;AP-0;Classe I;-;-;-;0;-;-;-;-;-;-;-;;Portaria n° 15.896/2024 torna pública a revogação das medidas cautelares de proibição de operações de pouso, exceto por necessidade de emergência médica ou de transporte de valores, que devem ser realizadas mediante prévia coordenação com o Operador de Aeródromo, aplicada por meio da Decisão sobre Medida Cautelar nº 26/2022/GFIC/SIA, de 11 de novembro de 2022, e de proibição de operações de pouso de aeronave civil com motor a reação (turbojato), aplicada por meio da Decisão sobre Medida Cautelar nº 11/2020/GFIC/SIA, de 13 de março de 2020, ao aeródromo Paranaíba, CIAD MS0010, código OACI SSPN, localizado em Paranaíba/MS.
SSQP;BA0061;MONTE SANTO;MONTE SANTO;BA;10° 27' 55'' S;39° 17' 10'' W;442 m;VFR Diurno;-;-; 17/35;1000 m;30 m;5700 kg / 0,5 MPa;Piçarra;-;-;-;-;-;-;-;-;-;-;-;-;-;-;-;PA2015-2706;-;-;-;PA2015-2706;-;-;-;AP-0;Classe I;-;-;-;0;-;-;-;-;-;-;-;;-
SSQT;PR0013;CASTRO;CASTRO;PR;24° 48' 27'' S;49° 57' 34'' W;1010 m;VFR Diurno;-;-; 06/24;1400 m;30 m;2500 kg / 0,5 MPa;Asfalto;-;-;-;-;-;-;-;-;-;-;-;-;-;-;-;PA2023-11.890;-;-;-;PA2023-11.890;-;-;-;AP-0;Classe I;-;-;-;0;-;-;-;-;-;-;-;;-
SSRE;PR0030;REALEZA;REALEZA;PR;25° 48' 4'' S;53° 30' 47'' W;501 m;VFR Diurno;-;-; 06/24;1200 m;18 m;PCN 6/F/B/Y/T;Asfalto;-;-;-;-;-;-;-;-;-;-;-;-;-;-;-;PA2023-10.822;-;-;-;PA2023-10.822;-;-;-;AP-0;Classe I;-;-;-;0;-;-;-;-;-;-;-;;-
SSRF;BA0034;CASTRO ALVES;CASTRO ALVES;BA;12° 46' 4'' S;39° 26' 41'' W;261 m;VFR Diurno;-;-; 13/31;1200 m;21 m;PCN 8/F/C/Y/U;Cascalho;-;-;-;-;-;-;-;-;-;-;-;-;-;-;-;PA2023-11.201;-;-;-;PA2023-11.201;-;-;-;AP-0;Classe I;-;-;-;0;-;-;-;-;-;-;-;;-
SSRG;SP0030;AEROPORTO ESTADUAL DE REGISTRO;REGISTRO;SP;24° 31' 54'' S;47° 50' 25'' W;25 m;VFR Diurno;-;-; 11/29;1500 m;30 m;PCN 30/F/B/X/T;Asfalto;-;-;-;-;-;-;-;-;-;-;-;-;-;-;-;PA2022-9767;-;-;-;PA2022-9767;-;-;-;AP-0;Classe I;-;-;-;0;-;-;-;-;-;-;-;;-
SSRS;MA0008;BARREIRINHAS;BARREIRINHAS;MA;2° 45' 24'' S;42° 48' 12'' W;12 m;VFR Diurno;-;-; 11/29;1500 m;30 m;PCN 71/F/A/Y/T;Asfalto;-;-;-;-;-;-;-;-;-;-;-;-;-;-;-;PA2023-11.665;-;-;-;PA2023-11.665;-;-;-;AP-1;Classe I;-;-;-;0;-;-;-;-;-;-;-;;-
SSRU;RS0034;SÃO LOURENÇO DO SUL;SÃO LOURENÇO DO SUL;RS;31° 23' 5'' S;52° 1' 57'' W;27 m;VFR Diurno;-;-; 03/21;1055 m;18 m;5700 kg / 0,5 MPa;Saibro;-;-;-;-;-;-;-;-;-;-;-;-;-;-;-;PA2020-2448;-;-;-;PA2020-2448;-;-;-;AP-0;Classe I;-;-;-;0;-;-;-;-;-;-;-;;-
SSRZ;RS0024;DÁRIO BRASIL CAPOANO DE OLIVEIRA;ROSÁRIO DO SUL;RS;30° 16' 39'' S;54° 55' 31'' W;102 m;VFR Diurno;-;-; 10/28;1000 m;20 m;5700 kg / 0,5 MPa;Saibro;-;-;-;-;-;-;-;-;-;-;-;-;-;-;-;PA2020-0976;-;-;-;PA2020-0976;-;-;-;AP-0;Classe I;-;-;-;0;-;-;-;-;-;-;-;;-
SSQC;PR0029;SIQUEIRA CAMPOS;SIQUEIRA CAMPOS;PR;23° 40' 29'' S;49° 48' 56'' W;705 m;VFR Diurno;-;-; 10/28;1200 m;23 m;5700 kg / 0,5 MPa;Asfalto;-;-;-;-;-;-;-;-;-;-;-;-;-;-;-;PA2023-11.207;-;-;-;PA2023-11.207;-;-;-;AP-0;Classe I;-;-;-;0;-;-;-;-;-;-;-;;Portaria n° 18.292/2025 torna pública a revogação da medida cautelar de proibição de operações de pouso, aplicada por meio da Decisão sobre Medida Cautelar nº 28/2020/GFIC/SIA, de 11 de maio de 2020, ao aeródromo público Siqueira Campos, CIAD PR0029, código OACI SSQC, localizado em Siqueira Campos (PR). Fica revogada a Portaria nº 1264, de 11 de maio de 2020, publicada no Diário Oficial da União de 13 de maio de 2020, Seção 1, página 58.
SSSC;RS0029;SANTA CRUZ DO SUL;SANTA CRUZ DO SUL;RS;29° 41' 3'' S;52° 24' 44'' W;199 m;VFR Diurno;-;-; 08/26;1180 m;18 m;PCN 8/F/C/Y/U;Asfalto;-;-;-;-;-;-;-;-;-;-;-;-;-;-;-;PA2020-1024;-;-;-;PA2020-1024;-;-;-;AP-1;Classe I;-;-;-;0;-;-;-;-;-;-;-;;-
SSSD;RS0017;SOLEDADE;SOLEDADE;RS;28° 51' 48'' S;52° 32' 26'' W;673 m;VFR Diurno;-;-; 17/35;1199 m;23 m;5700 kg / 1 MPa;Grama;-;-;-;-;-;-;-;-;-;-;-;-;-;-;-;PA2020-1287;-;-;-;PA2020-1287;-;-;-;AP-0;Classe I;-;-;-;0;-;-;-;-;-;-;-;;-
SSSG;RS0035;SÃO GABRIEL;SÃO GABRIEL;RS;30° 20' 42'' S;54° 16' 4'' W;145 m;VFR Diurno;-;-; 04/22;1000 m;42 m;PCN 8/F/C/Y/U;Saibro;-;-;-;-;-;-;-;-;-;-;-;-;-;-;-;PA2021-3957;-;-;-;PA2021-3957;-;-;-;AP-0;Classe I;-;-;-;0;-;-;-;-;-;-;-;;-
SSSS;SC0022;SÃO FRANCISCO DO SUL;SÃO FRANCISCO DO SUL;SC;26° 13' 16'' S;48° 33' 52'' W;15 m;VFR Diurno;-;-; 18/36;700 m;35 m;2500 kg / 0,5 MPa;Grama;-;-;-;-;-;-;-;-;-;-;-;-;-;-;-;PA2020-1290;-;-;-;PA2020-1290;-;-;-;AP-0;Classe I;-;-;-;0;-;-;-;-;-;-;-;;-
SSST;RS0015;SANTIAGO;SANTIAGO;RS;29° 12' 54'' S;54° 50' 30'' W;441 m;VFR Diurno;-;-; 17/35;830 m;23 m;PCN 8/F/C/Y/U;Asfalto;-;-;-;-;-;-;-;-;-;-;-;-;-;-;-;PA2023-11.895;-;-;-;PA2023-11.895;-;-;-;AP-0;Classe I;-;-;-;0;-;-;-;-;-;-;-;;-
SSSZ;PR0033;SERTANÓPOLIS;SERTANÓPOLIS;PR;23° 3' 43'' S;51° 0' 50'' W;361 m;VFR Diurno;-;-; 10/28;1023 m;25 m;5700 kg / 0,5 MPa;Grama;-;-;-;-;-;-;-;-;-;-;-;-;-;-;-;PA2015-2705;-;-;-;PA2015-2705;-;-;-;AP-0;Classe I;-;-;-;0;-;-;-;-;-;-;-;;-
SSTB;SC0013;TRÊS BARRAS;TRÊS BARRAS;SC;26° 8' 7'' S;50° 18' 38'' W;789 m;VFR Diurno;-;-; 04/22;1330 m;18 m;5000 kg / 0,5 MPa;Asfalto;-;-;-;-;-;-;-;-;-;-;-;-;-;-;-;PA2023-12.671;-;-;-;PA2023-12.671;-;-;-;AP-0;Classe I;-;-;-;0;-;-;-;-;-;-;-;;-
SSUM;PR0019;ORLANDO DE CARVALHO;UMUARAMA;PR;23° 47' 57'' S;53° 18' 50'' W;473 m;VFR Diurno/Noturno e IFR Diurno/Noturno;-;-; 04/22;1430 m;30 m;PCN 19/F/C/Y/T;Asfalto;-;-;-;-;-;-;-;-;-;-;-;-;-;-;-;PA2018-2722;-;-;-;PA2018-2722;-;-;-;AP-1;Classe I;4ª;2C;NPA;0;PA2022-8895;-;PA2022-8895;-;-;-;-;;-
SSUV;PR0034;JOSÉ CLETO;UNIÃO DA VITÓRIA;PR;26° 13' 55'' S;51° 4' 3'' W;750 m;VFR Diurno;-;-; 17/35;755 m;23 m;PCN 14/F/C/Y/U;Asfalto;-;-;-;-;-;-;-;-;-;-;-;-;-;-;-;PA2023-12.097;-;-;-;PA2023-12.097;-;-;-;AP-1;Classe I;4ª;-;-;0;-;-;-;-;-;-;-;;-
SBVC;BA0005;GLAUBER DE ANDRADE ROCHA;VITÓRIA DA CONQUISTA;BA;14° 54' 28'' S;40° 54' 53'' W;894 m;VFR Diurno/Noturno e IFR Diurno/Noturno;-;-; 15/33;2100 m;45 m;PCN 44/F/B/X/T;Asfalto;-;-;-;-;-;-;-;-;-;-;-;-;-;-;-;PA2019-2438;-;-;-;PA2019-2438;-;-;-;AP-1;Classe II;-;4C;NPA;7;PA2020-0930;-;PA2020-0930;-;-;-;-;;-
SSVI;SC0011;ÂNGELO PONZONI;VIDEIRA;SC;26° 59' 59'' S;51° 8' 29'' W;843 m;VFR Diurno/Noturno;-;-; 10/28;1400 m;23 m;PCN 11/F/A/Y/T;Asfalto;-;-;-;-;-;-;-;-;-;-;-;-;-;-;-;PA2018-3718;-;-;-;PA2018-3718;-;-;-;AP-0;Classe I;4ª;-;-;0;-;-;-;-;-;-;-;;-
SSVL;PR0007;TELÊMACO BORBA;TELÊMACO BORBA;PR;24° 18' 59'' S;50° 39' 8'' W;796 m;VFR Diurno/Noturno e IFR Diurno/Noturno;-;-; 02/20;1800 m;30 m;PCN 170/F/C/Y/T;Asfalto;-;-;-;-;-;-;-;-;-;-;-;-;-;-;-;PA2019-3818;-;-;-;PA2019-3818;-;-;-;AP-1;Classe I;4ª;-;-;0;-;-;-;-;-;-;-;;-
SSVN;RS0030;VERANÓPOLIS;VERANÓPOLIS;RS;28° 56' 8'' S;51° 34' 4'' W;676 m;VFR Diurno;-;-; 12/30;1000 m;18 m;3700 kg / 0,5 MPa;Saibro;-;-;-;-;-;-;-;-;-;-;-;-;-;-;-;PA2018-2841;-;-;-;PA2018-2841;-;-;-;AP-0;Classe I;-;-;-;0;-;-;-;-;-;-;-;;-
SBJE;CE0003;COMANDANTE ARISTON PESSOA;CRUZ;CE;2° 54' 24'' S;40° 21' 29'' W;27 m;VFR Diurno/Noturno e IFR Diurno/Noturno;-;-; 08/26;2200 m;45 m;PCN 62/F/B/W/T;Asfalto;-;-;-;-;-;-;-;-;-;-;-;-;-;-;-;PA2017-3750;-;-;-;PA2017-3750;-;-;-;AP-1;Classe II;-;4D;NPA;6;PA2019-0618;-;PA2019-0618;-;-;-;-;;-
SSWS;RS0025;CAÇAPAVA DO SUL;CAÇAPAVA DO SUL;RS;30° 32' 59'' S;53° 27' 29'' W;416 m;VFR Diurno;-;-; 09/27;1000 m;18 m;PCR -/-/-/-/-;Terra;-;-;-;-;-;-;-;-;-;-;-;-;-;-;-;PA2022-7995;-;-;-;PA2022-7995;-;-;-;AP-0;Classe I;-;-;-;0;-;-;-;-;Interditado;-;-;;Interdição noticiada por meio do Ofício nº 149/2013/SIA/ANAC
SSXX;SC0017;MUNICIPAL JOÃO WINCKLER;XANXERÊ;SC;26° 52' 30'' S;52° 22' 22'' W;910 m;VFR Diurno/Noturno;-;-; 18/36;1149 m;18 m;PCN 8/F/A/Y/T;Asfalto;-;-;-;-;-;-;-;-;-;-;-;-;-;-;-;PA2023-10.896;-;-;-;PA2023-10.896;-;-;-;AP-0;Classe I;-;-;-;0;-;-;-;-;-;-;-;;-
SSZR;RS0027;LUIS ALBERTO LEHR;SANTA ROSA;RS;27° 54' 32'' S;54° 31' 20'' W;309 m;VFR Diurno/Noturno;-;-; 07/25;1200 m;30 m;PCN 8/F/A/Y/T;Asfalto;-;-;-;-;-;-;-;-;-;-;-;-;-;-;-;PA2020-1191;-;-;-;PA2020-1191;-;-;-;AP-1;Classe I;4ª;-;-;0;-;-;-;-;-;-;-;;-
SBPG;PR0012;COMANDANTE ANTÔNIO AMILTON BERALDO;PONTA GROSSA;PR;25° 11' 4'' S;50° 8' 38'' W;789 m;VFR Diurno/Noturno e IFR Diurno/Noturno;-;-; 08/26;1430 m;30 m;PCN 33/F/C/X/U;Asfalto;-;-;-;-;-;-;-;-;-;-;-;-;-;-;-;PA2018-2953;-;-;-;PA2018-2953;-;-;-;AP-1;Classe I;4ª;2C;NPA;0;PA2018-3154;-;PA2018-3154;-;-;-;-;;-
SWBC;AM0017;BARCELOS;BARCELOS;AM;0° 58' 52'' S;62° 55' 10'' W;34 m;VFR Diurno;-;-; 09/27;1500 m;30 m;PCN 17/F/B/Y/T;Asfalto;-;-;-;-;-;-;-;-;-;-;-;-;-;-;-;PA2022-9172;-;-;-;PA2022-9172;-;-;-;AP-1;Classe I;-;-;-;0;-;-;-;-;-;-;-;X;Portaria n° 15.059/2024 torna pública a revogação da medida cautelar de proibição de operações de pouso, aplicada por meio da Decisão sobre Medida Cautelar nº 10/2024/GFIC/SIA, de 28 de junho de 2024, ao aeródromo público Barcelos, CIAD AM0017, Código OACI SWBC, localizado em Barcelos (AM).
SWBE;CE0006;WALFRIDO SALMITO DE ALMEIDA;SÃO BENEDITO;CE;4° 2' 34'' S;40° 53' 38'' W;884 m;VFR Diurno/Noturno;-;-; 10/28;1500 m;30 m;PCN 12/F/B/Y/T;Asfalto;-;-;-;-;-;-;-;-;-;-;-;-;-;-;-;PA2021-6221;-;-;-;PA2021-6221;-;-;-;AP-1;Classe I;-;-;-;0;-;-;-;-;-;-;-;;-
SSSB;RS0014;SÃO BORJA;SÃO BORJA;RS;28° 39' 17'' S;56° 2' 5'' W;80 m;VFR Diurno;-;-; 07/25;1500 m;30 m;PCN 17/F/C/Y/U;Asfalto; 14/32;700 m;18 m;5700 kg / 0,5 MPa;Terra;-;-;-;-;-;-;-;-;-;-;PA2020-1754;-;-;-;PA2020-1754;-;-;-;AP-0;Classe I;-;-;-;0;-;-;-;-;Proibição de operações de aeronaves de asa fixa com motor à reação (turbojato), exceto no caso de operações de emergência médica ou de transporte de valores realizadas mediante prévia coordenação com o Operador do Aeródromo.;PA2022-9534;PA2022-9534;;-
SWBR;AM0018;BORBA;BORBA;AM;4° 24' 22'' S;59° 36' 9'' W;30 m;VFR Diurno;-;-; 12/30;1200 m;23 m;PCN 40/F/B/X/T;Asfalto;-;-;-;-;-;-;-;-;-;-;-;-;-;-;-;PA2023-11.217;-;-;-;PA2023-11.217;-;-;-;AP-1;Classe I;-;-;-;0;-;-;-;-;-;-;-;X;-
SWCA;AM0007;CARAUARI;CARAUARI;AM;4° 52' 17'' S;66° 53' 51'' W;108 m;VFR Diurno;-;-; 04/22;1665 m;18 m;PCN 12/F/C/Y/T;Asfalto;-;-;-;-;-;-;-;-;-;-;-;-;-;-;-;PA2017-3045;-;-;-;PA2017-3045;-;-;-;AP-1;Classe I;4ª;-;-;0;-;-;-;-;-;-;-;X;-
SWCB;GO0023;CAMPOS BELOS;CAMPOS BELOS;GO;13° 0' 25'' S;46° 42' 39'' W;690 m;VFR Diurno;-;-; 18/36;1200 m;20 m;2500 kg / 0,5 MPa;Asfalto;-;-;-;-;-;-;-;-;-;-;-;-;-;-;-;PA2020-3558;-;-;-;PA2020-3558;-;-;-;AP-0;Classe I;-;-;-;0;-;-;-;-;-;-;-;;-
SWBG;MT0009;ANDRÉ ANTÔNIO MAGGI;PONTES E LACERDA;MT;15° 11' 36'' S;59° 23' 7'' W;247 m;VFR Diurno;-;-; 01/19;1500 m;30 m;PCR 8/F/B/Y/T;Asfalto;-;-;-;-;-;-;-;-;-;-;-;-;-;-;-;PA2020-1194;-;-;-;PA2020-1194;-;-;-;AP-0;Classe I;-;-;-;0;-;-;-;-;Interditado;PA2020-1053;PA2020-1053;X;-
SWCQ;RO0007;COSTA MARQUES;COSTA MARQUES;RO;12° 25' 14'' S;64° 15' 6'' W;190 m;VFR Diurno;-;-; 02/20;1495 m;20 m;PCN 8/F/B/X/T;Asfalto;-;-;-;-;-;-;-;-;-;-;-;-;-;-;-;PA2023-12.113;-;-;-;PA2023-12.113;-;-;-;AP-0;Classe I;-;-;-;0;-;-;-;-;Proibição de operações de pouso de aeronaves de asa fixa com motor à reação (turbojato).;PA2021-5196;PA2021-5196;X;-
SWDM;MT0015;DIAMANTINO;DIAMANTINO;MT;14° 22' 36'' S;56° 24' 2'' W;469 m;VFR Diurno;-;-; 17/35;1630 m;18 m;PCN 13/F/C/Y/U;Asfalto;-;-;-;-;-;-;-;-;-;-;-;-;-;-;-;PA2020-3248;-;-;-;PA2020-3248;-;-;-;AP-0;Classe I;-;-;-;0;-;-;-;-;-;-;-;X;-
SWCZ;GO0024;CERES;CERES;GO;15° 20' 38'' S;49° 36' 16'' W;598 m;VFR Diurno;-;-; 15/33;1078 m;23 m;2500 kg / 0,5 MPa;Asfalto;-;-;-;-;-;-;-;-;-;-;-;-;-;-;-;PA2023-11.584;-;-;-;PA2023-11.584;-;-;-;AP-0;Classe I;-;-;-;0;-;-;-;-;-;-;-;;-
SWDN;TO0006;DIANÓPOLIS;DIANÓPOLIS;TO;11° 35' 43'' S;46° 50' 52'' W;736 m;VFR Diurno;-;-; 10/28;1518 m;30 m;PCN 12/F/B/X/T;Asfalto;-;-;-;-;-;-;-;-;-;-;-;-;-;-;-;PA2016-1485;-;-;-;PA2016-1485;-;-;-;AP-0;Classe I;-;-;-;0;-;-;-;-;Proibição de operações de pouso de aeronaves à reação;PA2024-14.817;PA2024-14.817;X;-
SWEK;MT0024;CANARANA;CANARANA;MT;13° 34' 39'' S;52° 16' 5'' W;398 m;VFR Diurno;-;-; 18/36;685 m;18 m;5700 kg / 0,5 MPa;Terra;-;-;-;-;-;-;-;-;-;-;-;-;-;-;-;PA2020-1083;-;-;-;PA2020-1083;-;-;-;AP-0;Classe I;-;-;-;0;-;-;-;-;-;-;-;X;-
SWFN;AM0002;FLORES;MANAUS;AM;3° 4' 22'' S;60° 1' 16'' W;62 m;VFR Diurno;-;-; 11/29;799 m;30 m;5700 kg / 0,5 MPa;Asfalto;-;-;-;-;-;-;-;-;-;-;-;-;-;-;-;PA2017-1581;-;-;-;PA2017-1581;-;-;-;AP-0;Classe I;-;-;-;0;-;-;-;-;-;-;-;X;-
SWFR;GO0014;FORMOSA;FORMOSA;GO;15° 33' 22'' S;47° 20' 41'' W;973 m;VFR Diurno;-;-; 05/23;1400 m;30 m;5700 kg / 0,5 MPa;Asfalto;-;-;-;-;-;-;-;-;-;-;-;-;-;-;-;PA2023-11.343;-;-;-;PA2023-11.343;-;-;-;AP-0;Classe I;-;-;-;0;-;-;-;-;-;-;-;;-
SWEI;AM0009;EIRUNEPÉ;EIRUNEPÉ;AM;6° 38' 22'' S;69° 52' 47'' W;127 m;VFR Diurno;-;-; 16/34;2210 m;45 m;PCN 30/F/C/X/U;Asfalto;-;-;-;-;-;-;-;-;-;-;-;-;-;-;-;PA2023-10.757;-;-;-;PA2023-10.757;-;-;-;AP-1;Classe I;-;-;-;0;PA2023-13.882;-;PA2023-13.882;-;-;-;-;X;Portaria n° 15.308/2024/SIA torna pública a revogação de medida administrativa cautelar ao aeródromo público de Eirunepé, Código Identificador de Aeródromo - CIAD AM0009, indicador de localidade OACI SWEI, localizado em Eirunepé (AM).
SWGI;TO0004;GURUPI;GURUPI;TO;11° 44' 22'' S;49° 8' 0'' W;350 m;VFR Diurno/Noturno;-;-; 12/30;1730 m;30 m;PCN 10/F/B/X/T;Asfalto;-;-;-;-;-;-;-;-;-;-;-;-;-;-;-;PA2020-1566;-;-;-;PA2020-1566;-;-;-;AP-0;Classe I;4ª;-;-;0;-;-;-;-;-;-;-;X;-
SWGN;TO0002;ARAGUAÍNA;ARAGUAÍNA;TO;7° 13' 42'' S;48° 14' 27'' W;236 m;VFR Diurno/Noturno e IFR Diurno/Noturno;-;-; 09/27;1799 m;45 m;PCN 44/F/C/X/U;Asfalto;-;-;-;-;-;-;-;-;-;-;-;-;-;-;-;PA2015-2236;-;-;-;PA2015-2236;-;-;-;AP-1;Classe I;3ª;3C;NPA;5;PA2020-3214;-;PA2020-3214;-;-;-;-;X;-
SWHP;MT0006;FREDERICO CARLOS MÜLLER;ÁGUA BOA;MT;14° 1' 11'' S;52° 9' 7'' W;450 m;VFR Diurno/Noturno;-;-; 03/21;1629 m;18 m;5700 kg / 0,5 MPa;Asfalto;-;-;-;-;-;-;-;-;-;-;-;-;-;-;-;PA2023-12.407;-;-;-;PA2023-12.407;-;-;-;AP-0;Classe I;-;-;-;0;-;-;-;-;-;-;-;X;-
SWFX;MT0022;SÃO FÉLIX DO ARAGUAIA;SÃO FÉLIX DO ARAGUAIA;MT;11° 37' 57'' S;50° 41' 22'' W;199 m;VFR Diurno;-;-; 12/30;1450 m;30 m;PCN 19/F/A/X/T;Asfalto;-;-;-;-;-;-;-;-;-;-;-;-;-;-;-;PA2023-12.066;-;-;-;PA2023-12.066;-;-;-;AP-0;Classe I;-;-;-;0;-;-;-;-;-;-;-;X;Portaria n° 16.758/2025/SIA torna pública a revogação da medida cautelar de proibição de operações com aeronaves com motor a reação, aplicada por meio da Decisão sobre Medida Cautelar nº 26/2021/GFIC/SIA, de 19 de agosto de 2021, ao aeródromo público de São Félix do Araguaia, CIAD MT0022, código OACI SWFX, localizado em São Félix do Araguaia (MT).
SWII;AM0013;IPIRANGA;SANTO ANTÔNIO DO IÇÁ;AM;2° 56' 25'' S;69° 41' 39'' W;67 m;VFR Diurno;-;-; 01/19;1500 m;30 m;PCN 13/R/C/W/U;Concreto;-;-;-;-;-;-;-;-;-;-;-;-;-;-;-;PA2023-10.581;-;-;-;PA2023-10.581;-;-;-;AP-0;Classe I;-;-;-;0;-;-;-;-;-;-;-;X;-
SWIQ;GO0019;AEROPORTO MUNICIPAL JOSÉ CAIRES DE OLIVEIRA;MINAÇU;GO;13° 32' 57'' S;48° 11' 44'' W;427 m;VFR Diurno/Noturno;-;-; 05/23;1340 m;30 m;PCN 7/F/C/Y/U;Asfalto;-;-;-;-;-;-;-;-;-;-;-;-;-;-;-;PA2023-10.260;-;-;-;PA2023-10.260;-;-;-;AP-0;Classe I;-;-;-;0;-;-;-;-;-;-;-;;-
SWJN;MT0007;JUÍNA;JUÍNA;MT;11° 25' 10'' S;58° 42' 36'' W;330 m;VFR Diurno;-;-; 17/35;1550 m;30 m;5500 kg / 0,5 MPa;Asfalto;-;-;-;-;-;-;-;-;-;-;-;-;-;-;-;PA2020-2414;-;-;-;PA2020-2414;-;-;-;AP-1;Classe I;-;-;-;0;-;-;-;-;-;-;-;X;-
SWJW;GO0008;JATAÍ;JATAÍ;GO;17° 49' 48'' S;51° 46' 31'' W;771 m;VFR Diurno/Noturno;-;-; 13/31;1500 m;23 m;PCN 10/F/B/X/U;Asfalto;-;-;-;-;-;-;-;-;-;-;-;-;-;-;-;PA2020-2415;-;-;-;PA2020-2415;-;-;-;AP-0;Classe I;-;-;-;0;-;-;-;-;-;-;-;;-
SWKC;MT0017;CÁCERES;CÁCERES;MT;16° 2' 33'' S;57° 37' 48'' W;151 m;VFR Diurno;-;-; 17/35;1850 m;30 m;PCN 30/F/A/X/T;Asfalto;-;-;-;-;-;-;-;-;-;-;-;-;-;-;-;PA2023-10.693;-;-;-;PA2023-10.693;-;-;-;AP-0;Classe I;-;-;-;0;-;-;-;-;-;-;-;X;-
SWKO;AM0010;COARI;COARI;AM;4° 8' 3'' S;63° 7' 57'' W;40 m;VFR Diurno;-;-; 10/28;1600 m;36 m;PCN 29/F/C/X/U;Asfalto;-;-;-;-;-;-;-;-;-;-;-;-;-;-;-;PA2023-11.806;-;-;-;PA2023-11.806;-;-;-;AP-1;Classe I;4ª;-;-;0;-;-;-;-;-;-;-;X;-
SWKQ;PI0004;SERRA DA CAPIVARA/SÃO RAIMUNDO NONATO;SÃO RAIMUNDO NONATO;PI;9° 5' 0'' S;42° 38' 41'' W;415 m;VFR Diurno/Noturno;-;-; 16/34;1650 m;45 m;PCN 34/F/B/X/T;Asfalto;-;-;-;-;-;-;-;-;-;-;-;-;-;-;-;PA2023-11.582;-;-;-;PA2023-11.582;-;-;-;AP-0;Classe I;4ª;-;-;0;-;-;-;-;-;-;-;;-
SWHT;AM0019;HUMAITÁ;HUMAITÁ;AM;7° 32' 5'' S;63° 4' 20'' W;70 m;VFR Diurno;-;-; 14/32;1520 m;30 m;PCN 7/F/B/Y/U;Asfalto;-;-;-;-;-;-;-;-;-;-;-;-;-;-;-;PA2023-11.585;-;-;-;PA2023-11.585;-;-;-;AP-0;Classe I;-;-;-;0;-;-;-;-;Proibição de operações de aeronaves de asa fixa com motor à reação (turbojato), exceto no caso de operações de emergência médica ou de transporte de valores realizadas mediante prévia coordenação com o Operador do Aeródromo.;PA2021-6633;PA2021-6633;X;-
SWKT;GO0015;CATALÃO;CATALÃO;GO;18° 13' 1'' S;47° 53' 58'' W;802 m;VFR Diurno/Noturno;-;-; 17/35;1520 m;30 m;PCN 40/F/A/X/T;Asfalto;-;-;-;-;-;-;-;-;-;-;-;-;-;-;-;PA2020-2421;-;-;-;PA2020-2421;-;-;-;AP-0;Classe I;-;-;-;0;-;-;-;-;Proibição de operações noturnas.;PA2023-11.515;PA2023-11.515;;-
SWLC;GO0009;GENERAL LEITE DE CASTRO;RIO VERDE;GO;17° 50' 5'' S;50° 57' 22'' W;751 m;VFR Diurno/Noturno;-;-; 04/22;1450 m;30 m;PCN 19/F/C/Y/U;Asfalto;-;-;-;-;-;-;-;-;-;-;-;-;-;-;-;PA2015-1270;-;-;-;PA2015-1270;-;-;-;AP-1;Classe I;-;-;-;0;-;-;-;-;"I - Proibição da realização de operações de transporte aéreo público de passageiros regidas pelo RBAC nº 121 acima do limite de 14 (catorze) frequências semanais;
II - Proibição de operação de aeronaves a jato;
III - Proibição de operações de aeronaves de asa fixa sob condição de pista molhada;
IV - operações de aeronaves sem equipamento rádio permitida apenas em horários divergentes em mais de 30 (trinta) minutos dos horários programados para operação de aeronaves regidas pelo RBAC nº 121; e
V - obrigatória a implementação de padrões de ""aproximação estabilizada"" para operação de aeronaves regidas pelo RBAC nº 121.";PA2024-15.348;PA2024-15.348;;-
SWME;GO0033;MINEIROS;MINEIROS;GO;17° 33' 5'' S;52° 33' 24'' W;843 m;VFR Diurno/Noturno;-;-; 01/19;1000 m;16 m;PCN 8/F/C/Y/U;Asfalto;-;-;-;-;-;-;-;-;-;-;-;-;-;-;-;PA2023-11.419;-;-;-;PA2023-11.419;-;-;-;AP-0;Classe I;-;-;-;0;-;-;-;-;-;-;-;;-
SWMW;AM0020;MAUÉS;MAUÉS;AM;3° 22' 19'' S;57° 43' 29'' W;21 m;VFR Diurno;-;-; 01/19;1200 m;30 m;PCN 11/F/B/Y/T;Asfalto;-;-;-;-;-;-;-;-;-;-;-;-;-;-;-;PA2022-9655;-;-;-;PA2022-9655;-;-;-;AP-1;Classe I;-;-;-;0;-;-;-;-;-;-;-;X;-
SWNH;GO0017;ARUANÃ;ARUANÃ;GO;14° 55' 59'' S;51° 2' 54'' W;250 m;VFR Diurno;-;-; 06/24;1509 m;30 m;5700 kg / 0,5 MPa;Asfalto;-;-;-;-;-;-;-;-;-;-;-;-;-;-;-;PA2020-1082;-;-;-;PA2020-1082;-;-;-;AP-0;Classe I;-;-;-;0;-;-;-;-;-;-;-;;-
SWNK;AM0011;NOVO CAMPO;BOCA DO ACRE;AM;8° 50' 5'' S;67° 18' 45'' W;120 m;VFR Diurno;-;-; 18/36;1600 m;30 m;PCN 19/F/C/Y/U;Asfalto;-;-;-;-;-;-;-;-;-;-;-;-;-;-;-;PA2021-4603;-;-;-;PA2021-4603;-;-;-;AP-0;Classe I;-;-;-;0;-;-;-;-;-;-;-;X;-
SWLB;AM0024;LÁBREA;LÁBREA;AM;7° 16' 44'' S;64° 46' 10'' W;74 m;VFR Diurno;-;-; 18/36;1200 m;30 m;PCN 8/F/C/Y/T;Asfalto;-;-;-;-;-;-;-;-;-;-;-;-;-;-;-;PA2020-3249;-;-;-;PA2020-3249;-;-;-;AP-1;Classe I;-;-;-;0;-;-;-;-;Proibição de operações de pouso de aeronaves a reação (turbo-jato) e de aeronaves com PMD igual ou superior a 5700kg, exceto no caso de operações de emergência médica ou de transporte de valores realizadas mediante prévia coordenação com o Operador do Aeródromo;PA2022-7381;PA2022-7381;X;-
SWNS;GO0004;ANÁPOLIS;ANÁPOLIS;GO;16° 21' 45'' S;48° 55' 41'' W;1112 m;VFR Diurno/Noturno;-;-; 07/25;1218 m;45 m;PCN 30/F/C/X/U;Asfalto;-;-;-;-;-;-;-;-;-;-;-;-;-;-;-;PA2020-1010;-;-;-;PA2020-1010;-;-;-;AP-0;Classe I;-;-;-;0;-;-;-;-;-;-;-;;-
SWNQ;GO0016;NIQUELÂNDIA;NIQUELÂNDIA;GO;14° 26' 11'' S;48° 29' 31'' W;840 m;VFR Diurno;-;-; 02/20;1479 m;18 m;PCN 8/F/C/Y/U;Asfalto;-;-;-;-;-;-;-;-;-;-;-;-;-;-;-;PA2020-3888;-;-;-;PA2020-3888;-;-;-;AP-0;Classe I;-;-;-;0;-;-;-;-;Interditado;PA2021-6400;PA2021-6400;;-
SWOB;AM0014;FONTE BOA;FONTE BOA;AM;2° 31' 57'' S;66° 4' 60'' W;63 m;VFR Diurno;-;-; 18/36;1300 m;24 m;PCN 40/R/B/Z/T;Asfalto;-;-;-;-;-;-;-;-;-;-;-;-;-;-;-;PA2023-11.691;-;-;-;PA2023-11.691;-;-;-;AP-0;Classe I;-;-;-;0;-;-;-;-;-;-;-;X;Portaria SIA n° 15.500/2024 torna pública a revogação da medida cautelar de proibição de operações de pouso na pista de pouso e decolagem 18/36, exceto no caso de operações de emergência médica e transporte de valores, que devem ser realizadas mediante prévia coordenação com o Operador de Aeródromo, aplicada por meio da Decisão sobre Medida Cautelar nº 6/2019/GFIC/SIA, de 26 de julho de 2019, ao aeródromo Fonte Boa, CIAD AM0014, código OACI SWOB, localizado em Fonte Boa/AM.
SWPG;MT0010;PORTO DOS GAÚCHOS;PORTO DOS GAÚCHOS;MT;11° 32' 24'' S;57° 22' 41'' W;400 m;VFR Diurno;-;-; 01/19;1500 m;25 m;PCN 13/F/C/Y/U;Terra;-;-;-;-;-;-;-;-;-;-;-;-;-;-;-;PA2023-11.773;-;-;-;PA2023-11.773;-;-;-;AP-0;Classe I;-;-;-;0;-;-;-;-;Interditado;PA2019-2874;PA2019-2874;X;-
SWPI;AM0006;PARINTINS;PARINTINS;AM;2° 40' 25'' S;56° 46' 39'' W;25 m;VFR Diurno/Noturno;-;-; 06/24;1801 m;30 m;PCN 33/F/B/X/T;Asfalto;-;-;-;-;-;-;-;-;-;-;-;-;-;-;-;PA2023-11.746;-;-;-;PA2023-11.746;-;-;-;AP-1;Classe I;3ª;-;-;5;-;-;-;-;-;-;-;X;"Portaria SIA n° 18.867/2026 torna pública a manutenção da suspensão da aplicação da medida administrativa cautelar ao aeródromo público de Parintins, Código Identificador de Aeródromo, CIAD AM0006, indicador de localidade OACI SWPI, localizado em Parintins (AM).

Parágrafo único. A suspensão está condicionada ao exercício das responsabilidades pelo gestor do aeródromo previstas na regulação vigente quanto às questões de segurança operacional e vigorará enquanto forem cumpridas as condicionantes presentes nesta portaria."
SWPK;MT0021;POCONÉ;POCONÉ;MT;16° 16' 18'' S;56° 39' 4'' W;185 m;VFR Diurno;-;-; 01/19;1150 m;23 m;PCR -/-/-/-/-;Cascalho;-;-;-;-;-;-;-;-;-;-;-;-;-;-;-;PA2016-2706;-;-;-;PA2016-2706;-;-;-;AP-0;Classe I;-;-;-;0;-;-;-;-;-;-;-;X;-
SWPM;RO0009;PIMENTA BUENO;PIMENTA BUENO;RO;11° 38' 29'' S;61° 10' 44'' W;208 m;VFR Diurno/Noturno;-;-; 04/22;1300 m;20 m;PCN 12/F/C/Y/U;Asfalto;-;-;-;-;-;-;-;-;-;-;-;-;-;-;-;PA2023-10.580;-;-;-;PA2023-10.580;-;-;-;AP-0;Classe I;-;-;-;5;-;-;-;-;-;-;-;X;-
SWPR;GO0029;PIRES DO RIO;PIRES DO RIO;GO;17° 19' 8'' S;48° 20' 7'' W;781 m;VFR Diurno;-;-; 11/29;1080 m;18 m;PCN 120/F/A/Y/T;Asfalto;-;-;-;-;-;-;-;-;-;-;-;-;-;-;-;PA2023-10.489;-;-;-;PA2023-10.489;-;-;-;AP-0;Classe I;-;-;-;0;-;-;-;-;-;-;-;;-
SWPY;MT0023;PRIMAVERA DO LESTE;PRIMAVERA DO LESTE;MT;15° 33' 45'' S;54° 19' 50'' W;655 m;VFR Diurno/Noturno;-;-; 01/19;1330 m;23 m;5700 kg / 0,5 MPa;Asfalto;-;-;-;-;-;-;-;-;-;-;-;-;-;-;-;PA2022-8427;-;-;-;PA2022-8427;-;-;-;AP-0;Classe I;-;-;-;0;-;-;-;-;-;-;-;X;-
SWPZ;GO0010;OURIÇANGA DE ABREU;POSSE;GO;14° 7' 5'' S;46° 20' 43'' W;841 m;VFR Diurno/Noturno;-;-; 10/28;1500 m;25 m;PCN 18/F/B/Y/T;Asfalto;-;-;-;-;-;-;-;-;-;-;-;-;-;-;-;PA2020-1994;-;-;-;PA2020-1994;-;-;-;AP-0;Classe I;-;-;-;0;-;-;-;-;-;-;-;;-
SWRO;RO0002;AEROCLUBE DE RONDÔNIA;PORTO VELHO;RO;8° 47' 39'' S;63° 51' 27'' W;113 m;VFR Diurno;-;-; 01/19;1300 m;30 m;PCR 8/F/C/Y/U;Terra;-;-;-;-;-;-;-;-;-;-;-;-;-;-;-;PA2023-11.804;-;-;-;PA2023-11.804;-;-;-;AP-0;Classe I;-;-;-;0;-;-;-;-;-;-;-;X;Suspensos os efeitos da Portaria 425/SIA, de 18/02/2013, pela decisão liminar deferida pelo juízo da 1ª Vara Federal da Subseção Judiciária de Rondônia, nos autos do Processo judicial n.º 3861-91.2013.4.01.4100, ajuizada por Aeroclube de Rondônia.
SBSI;MT0002;PRESIDENTE JOÃO BATISTA FIGUEIREDO;SINOP;MT;11° 53' 6'' S;55° 35' 10'' W;374 m;VFR Diurno/Noturno e IFR Diurno/Noturno;-;-; 03/21;1630 m;30 m;PCN 36/F/A/X/T;Asfalto;-;-;-;-;-;-;-;-;-;-;-;-;-;-;-;PA2018-2965;-;-;-;PA2018-2965;-;-;-;AP-1;Classe II;3ª;3C;NPA;6;PA2021-4387;-;PA2021-4387;-;-;-;-;X;-
SWTO;TO0008;PARAÍSO DO TOCANTINS;PARAÍSO DO TOCANTINS;TO;10° 10' 26'' S;48° 55' 58'' W;353 m;VFR Diurno;-;-; 10/28;1200 m;30 m;PCN 20/F/C/X/U;Asfalto;-;-;-;-;-;-;-;-;-;-;-;-;-;-;-;PA2020-1298;-;-;-;PA2020-1298;-;-;-;AP-0;Classe I;-;-;-;0;-;-;-;-;-;-;-;X;-
SWTP;AM0022;SANTA ISABEL DO RIO NEGRO;SANTA ISABEL DO RIO NEGRO;AM;0° 22' 43'' S;64° 59' 35'' W;68 m;VFR Diurno;-;-; 09/27;1200 m;30 m;PCN 50/F/D/X/T;Asfalto;-;-;-;-;-;-;-;-;-;-;-;-;-;-;-;PA2022-8873;-;-;-;PA2022-8873;-;-;-;AP-1;Classe I;-;-;-;0;-;-;-;-;-;-;-;X;-
SWTS;MT0012;TANGARÁ DA SERRA;TANGARÁ DA SERRA;MT;14° 39' 43'' S;57° 26' 38'' W;449 m;VFR Diurno;-;-; 18/36;1500 m;30 m;PCN 12/F/B/X/T;Asfalto;-;-;-;-;-;-;-;-;-;-;-;-;-;-;-;PA2018-2573;-;-;-;PA2018-2573;-;-;-;AP-0;Classe I;-;-;-;0;-;-;-;-;-;-;-;X;-
SWTY;TO0009;TAGUATINGA;TAGUATINGA;TO;12° 26' 6'' S;46° 24' 1'' W;597 m;VFR Diurno;-;-; 06/24;1400 m;30 m;PCN 8/F/C/Y/U;Asfalto;-;-;-;-;-;-;-;-;-;-;-;-;-;-;-;PA2023-11.805;-;-;-;PA2023-11.805;-;-;-;AP-0;Classe I;-;-;-;0;-;-;-;-;-;-;-;X;-
SWUA;GO0011;SÃO MIGUEL DO ARAGUAIA;SÃO MIGUEL DO ARAGUAIA;GO;13° 20' 2'' S;50° 12' 21'' W;384 m;VFR Diurno;-;-; 08/26;1500 m;30 m;5700 kg / 0,5 MPa;Asfalto;-;-;-;-;-;-;-;-;-;-;-;-;-;-;-;PA2020-1283;-;-;-;PA2020-1283;-;-;-;AP-0;Classe I;-;-;-;0;-;-;-;-;-;-;-;;-
SWUD;MG0069;DEPUTADO OSWALDO TOLENTINO;CLÁUDIO;MG;20° 26' 45'' S;44° 48' 47'' W;820 m;VFR Diurno;-;-; 12/30;1000 m;30 m;PCN 15/F/B/Y/T;Asfalto;-;-;-;-;-;-;-;-;-;-;-;-;-;-;-;PA2020-1389;-;-;-;PA2020-1389;-;-;-;AP-0;Classe I;-;-;-;0;-;-;-;-;-;-;-;;-
SWUZ;GO0025;BRIGADEIRO ARARIPE MACEDO;LUZIÂNIA;GO;16° 15' 42'' S;47° 58' 7'' W;996 m;VFR Diurno;-;-; 12/30;1200 m;20 m;PCN 8/F/C/Y/U;Asfalto;-;-;-;-;-;-;-;-;-;-;-;-;-;-;-;PA2018-0339;-;-;-;PA2018-0339;-;-;-;AP-0;Classe I;4ª;-;-;0;-;-;-;-;-;-;-;;-
SWVC;MT0016;VILA RICA;VILA RICA;MT;9° 58' 52'' S;51° 8' 26'' W;254 m;VFR Diurno;-;-; 07/25;1350 m;30 m;4000 kg / 0,5 MPa;Terra;-;-;-;-;-;-;-;-;-;-;-;-;-;-;-;PA2020-1286;-;-;-;PA2020-1286;-;-;-;AP-0;Classe I;-;-;-;0;-;-;-;-;Suspensão das operações devido à não homologação das novas características físicas do aeródromo.;PA2026-18.844;PA2026-18.844;X;-
SWWA;GO0012;PORANGATU;PORANGATU;GO;13° 24' 16'' S;49° 9' 26'' W;366 m;VFR Diurno/Noturno;-;-; 14/32;1500 m;23 m;5700 kg / 0,5 MPa;Asfalto;-;-;-;-;-;-;-;-;-;-;-;-;-;-;-;PA2020-1293;-;-;-;PA2020-1293;-;-;-;AP-0;Classe I;-;-;-;0;-;-;-;-;-;-;-;;-
SWWU;GO0013;URUAÇU;URUAÇU;GO;14° 32' 41'' S;49° 5' 28'' W;520 m;VFR Diurno/Noturno;-;-; 18/36;1440 m;30 m;5700 kg / 0,5 MPa;Asfalto;-;-;-;-;-;-;-;-;-;-;-;-;-;-;-;PA2020-1295;-;-;-;PA2020-1295;-;-;-;AP-0;Classe I;-;-;-;0;-;-;-;-;-;-;-;;-
SWXM;MT0014;REGIONAL ORLANDO VILLAS BOAS;MATUPÁ;MT;10° 10' 12'' S;54° 57' 14'' W;270 m;VFR Diurno;-;-; 02/20;1858 m;30 m;PCN 210/F/A/X/T;Asfalto;-;-;-;-;-;-;-;-;-;-;-;-;-;-;-;PA2022-7159;-;-;-;PA2022-7159;-;-;-;AP-0;Classe I;-;-;-;0;-;-;-;-;-;-;-;X;-
SWXQ;SP0015;LINS;LINS;SP;21° 39' 46'' S;49° 43' 52'' W;480 m;VFR Diurno/Noturno;-;-; 14/32;1700 m;35 m;PCN 30/F/B/X/T;Asfalto;-;-;-;-;-;-;-;-;-;-;-;-;-;-;-;PA2023-10.512;-;-;-;PA2023-10.512;-;-;-;AP-0;Classe I;4ª;-;-;0;-;-;-;-;-;-;-;;-
SWXV;MT0013;NOVA XAVANTINA;NOVA XAVANTINA;MT;14° 41' 52'' S;52° 20' 50'' W;308 m;VFR Diurno;-;-; 04/22;1300 m;23 m;PCN 7/F/B/Y/T;Asfalto;-;-;-;-;-;-;-;-;-;-;-;-;-;-;-;PA2023-12.442;-;-;-;PA2023-12.442;-;-;-;AP-0;Classe I;-;-;-;0;-;-;-;-;-;-;-;X;-
SWYN;AM0023;APUÍ;APUÍ;AM;7° 10' 20'' S;59° 50' 20'' W;60 m;VFR Diurno;-;-; 08/26;1200 m;23 m;PCR 12/F/B/Y/U;Asfalto;-;-;-;-;-;-;-;-;-;-;-;-;-;-;-;PA2020-1745;-;-;-;PA2020-1745;-;-;-;AP-1;Classe I;-;-;-;0;-;-;-;-;Proibição de operações de pouso de aeronaves de asa fixa com motor à reação (turbojato).;PA2020-3010;PA2020-3010;X;-
SBJH;SP1176;SÃO PAULO CATARINA AEROPORTO EXECUTIVO;SÃO ROQUE;SP;23° 25' 37'' S;47° 9' 57'' W;777 m;VFR Diurno/Noturno e IFR Diurno/Noturno;RNS;INTL PAX; 12/30;2470 m;33 m;PCN 30/F/B/X/T;Asfalto;-;-;-;-;-;-;-;-;-;-;-;-;-;-;-;PA2019-3689;-;-;-;PA2019-3689;-;-;-;AP-0;Classe I;-;2C;NPA;5;PA2025-16.905;-;PA2025-16.905;-;-;-;-;;-
SJXI;MG0311;SANTA RITA DO SAPUCAÍ;SANTA RITA DO SAPUCAÍ;MG;22° 16' 22'' S;45° 38' 24'' W;882 m;VFR Diurno;-;-; 16/34;1000 m;30 m;5700 kg / 0,5 MPa;Terra;-;-;-;-;-;-;-;-;-;-;-;-;-;-;-;PA2019-3886;-;-;-;PA2019-3886;-;-;-;AP-0;Classe I;-;-;-;0;-;-;-;-;-;-;-;;-
SNCP;SC0181;AEROPORTO RICARDO SELL WAGNER - REGIONAL DA SERRA CATARINENSE;CORREIA PINTO;SC;27° 38' 3'' S;50° 21' 30'' W;880 m;VFR Diurno/Noturno e IFR Diurno/Noturno;-;-; 09/27;1802 m;30 m;PCN 57/F/B/X/T;Asfalto;-;-;-;-;-;-;-;-;-;-;-;-;-;-;-;PA2024-14.099;-;-;-;PA2024-14.099;-;-;-;AP-1;Classe I;-;3C;NPA;5;PA2022-9823;-;PA2022-9823;-;-;-;-;;-
SBTC;BA0067;UNA/COMANDATUBA;UNA;BA;15° 21' 12'' S;38° 59' 50'' W;7 m;VFR Diurno/Noturno e IFR Diurno/Noturno;-;-; 02/20;2000 m;30 m;PCN 40/F/C/X/T;Asfalto;-;-;-;-;-;-;-;-;-;-;-;-;-;-;-;PA2021-4874;-;-;-;PA2021-4874;-;-;-;AP-1;Classe I;-;3C;NPA;5;PA2022-10.124;-;PA2022-10.124;-;-;-;-;;-
SDH2;MT0662;PORTO ALEGRE DO NORTE;PORTO ALEGRE DO NORTE;MT;10° 55' 5'' S;51° 36' 32'' W;217 m;VFR Diurno;-;-; 12/30;1600 m;18 m;5700 kg / 0,7 MPa;Asfalto;-;-;-;-;-;-;-;-;-;-;-;-;-;-;-;PA2021-5582;-;-;-;PA2021-5582;-;-;-;AP-0;Classe I;-;-;-;0;-;-;-;-;-;-;-;X;Proibidas as operações de pouso de aeronaves a jato (Documento SEI nº 5985004)
SNOF;MG0057;OURO FINO;OURO FINO;MG;22° 17' 50'' S;46° 23' 33'' W;857 m;VFR Diurno;-;-; 06/24;1050 m;23 m;2500 kg / 0,5 MPa;Asfalto;-;-;-;-;-;-;-;-;-;-;-;-;-;-;-;PA2023-10.632;-;-;-;PA2023-10.632;-;-;-;AP-0;Classe I;-;-;-;0;-;-;-;-;-;-;-;;-
SDK7;MS0563;NOVA ANDRADINA;NOVA ANDRADINA;MS;22° 9' 45'' S;53° 19' 49'' W;419 m;VFR Diurno;-;-; 12/30;1300 m;23 m;5680 kg / 1 MPa;Asfalto;-;-;-;-;-;-;-;-;-;-;-;-;-;-;-;PA2021-5790;-;-;-;PA2021-5790;-;-;-;AP-0;Classe I;-;-;-;0;-;-;-;-;-;-;-;;Proibidas as operações de pouso de aeronaves a jato (Documento SEI nº 6131004)
SJ4Y;GO0028;MORRINHOS;MORRINHOS;GO;17° 45' 42'' S;49° 7' 18'' W;803 m;VFR Diurno;-;-; 05/23;1135 m;18 m;5700 kg / 0,5 MPa;Asfalto;-;-;-;-;-;-;-;-;-;-;-;-;-;-;-;PA2022-7665;-;-;-;PA2022-7665;-;-;-;AP-0;Classe I;-;-;-;0;-;-;-;-;-;-;-;;-
SI68;MT0612;GELINDO STEFANUTO;CAMPO NOVO DO PARECIS;MT;13° 43' 53'' S;57° 53' 30'' W;593 m;VFR Diurno;-;-; 02/20;1600 m;30 m;PCN 13/F/C/Y/T;Asfalto;-;-;-;-;-;-;-;-;-;-;-;-;-;-;-;PA2022-8043;-;-;-;PA2022-8043;-;-;-;AP-0;Classe I;-;-;-;0;-;-;-;-;-;-;-;X;-
SN6L;CE0164;DR. LUCIANO DE ARRUDA COELHO;SOBRAL;CE;3° 36' 53'' S;40° 13' 56'' W;91 m;VFR Diurno/Noturno;-;-; 10/28;1800 m;30 m;PCN 46/F/A/X/T;Asfalto;-;-;-;-;-;-;-;-;-;-;-;-;-;-;-;PA2023-10.237;-;-;-;PA2023-10.237;-;-;-;AP-1;Classe I;-;-;-;0;-;-;-;-;-;-;-;;-
SBFS;RJ0028;FAROL DE SÃO TOMÉ;CAMPOS DOS GOYTACAZES;RJ;22° 1' 50'' S;41° 4' 7'' W;2 m;VFR Diurno/Noturno e IFR Diurno/Noturno;-;-;-;-;-;-;-;-;-;-;-;-;-;-;-;-;-;15  33;Retangular;580 m x31,5 m;15 t;Asfalto;PA2021-5877;-;-;-;PA2021-5877;-;-;-;AP-0;Classe I;-;-;-;0;-;-;-;-;-;-;-;;-
SN3Y;BA0251;NOVO AEROPORTO DE BOM JESUS DA LAPA;BOM JESUS DA LAPA;BA;13° 16' 21'' S;43° 18' 53'' W;443 m;VFR Diurno/Noturno;-;-; 01/19;1550 m;30 m;PCN 13/F/A/X/T;Asfalto;-;-;-;-;-;-;-;-;-;-;-;-;-;-;-;PA2023-11.106;-;-;-;PA2023-11.106;-;-;-;AP-0;Classe I;-;-;-;0;-;-;-;-;-;-;-;;-
SJO7;MG0454;MUNICIPAL ELBER PEREIRA;IPANEMA;MG;19° 49' 56'' S;41° 41' 46'' W;252 m;VFR Diurno;-;-; 02/20;1125 m;30 m;PCN 7/F/A/Y/T;Asfalto;-;-;-;-;-;-;-;-;-;-;-;-;-;-;-;PA2024-14.249;-;-;-;PA2024-14.249;-;-;-;AP-0;Classe I;-;-;-;0;-;-;-;-;-;-;-;;-
SJO9;BA0253;SENHOR DO BONFIM;SENHOR DO BONFIM;BA;10° 31' 7'' S;40° 4' 55'' W;466 m;VFR Diurno;-;-; 11/29;1550 m;30 m;PCN 14/F/B/X/T;Asfalto;-;-;-;-;-;-;-;-;-;-;-;-;-;-;-;PA2024-14.274;-;-;-;PA2024-14.274;-;-;-;AP-0;Classe I;-;-;-;0;-;-;-;-;-;-;-;;-
SBPW;RJ0321;PORTO DO AÇU;SÃO JOÃO DA BARRA;RJ;21° 48' 15'' S;41° 6' 32'' W;5 m;VFR Diurno/Noturno e IFR Diurno/Noturno;-;-;-;-;-;-;-;-;-;-;-;-;-;-;-;-;-;8  26;Retangular;380 m x31,5 m;15 t;Asfalto;PA2024-14.326;-;-;-;PA2024-14.326;-;-;-;AP-0;Classe I;-;-;-;0;-;-;-;-;-;-;-;;-
SSBG;RS0091;MUNICIPAL DE BENTO GONÇALVES;BENTO GONÇALVES;RS;29° 8' 51'' S;51° 32' 27'' W;671 m;VFR Diurno;-;-; 13/31;1260 m;23 m;PCN 30/F/C/X/T;Asfalto;-;-;-;-;-;-;-;-;-;-;-;-;-;-;-;PA2024-14.530;-;-;-;PA2024-14.530;-;-;-;AP-0;Classe I;-;-;-;0;-;-;-;-;Proibição de operações de pouso de aeronaves turbojatos.;PA2024-14.530;PA2024-14.530;;-
SND4;SC0020;ISMAEL NUNES;SÃO JOAQUIM;SC;28° 14' 44'' S;49° 53' 51'' W;1426 m;VFR Diurno;-;-; 17/35;1300 m;30 m;PCN 10/F/C/Y/T;Asfalto;-;-;-;-;-;-;-;-;-;-;-;-;-;-;-;PA2024-14.953;-;-;-;PA2024-14.953;-;-;-;AP-0;Classe I;-;-;-;0;-;-;-;-;-;-;-;;-
SND6;SC0012;DIONÍSIO CERQUEIRA;DIONÍSIO CERQUEIRA;SC;26° 17' 17'' S;53° 37' 51'' W;824 m;VFR Diurno;-;-; 01/19;1376 m;18 m;PCN 11/F/A/Y/T;Asfalto;-;-;-;-;-;-;-;-;-;-;-;-;-;-;-;PA2024-14.959;-;-;-;PA2024-14.959;-;-;-;AP-0;Classe I;-;-;-;0;-;-;-;-;Proibição de operações de pouso de aeronaves turbojatos.;PA2024-14.959;PA2024-14.959;;-
SD5Q;MS0796;INOCÊNCIA;INOCÊNCIA;MS;19° 45' 38'' S;51° 53' 47'' W;554 m;VFR Diurno;-;-; 08/26;1500 m;30 m;PCN 370/F/B/X/T;Asfalto;-;-;-;-;-;-;-;-;-;-;-;-;-;-;-;PA2026-18.674;-;-;-;PA2026-18.674;-;-;-;AP-0;Classe I;-;-;-;0;-;-;-;-;-;-;-;;-
